activity_year,state_code,race_label,total_applications,approvals,approval_rate
2018,AK,Asian,146,137,0.9383561643835616
2018,AK,Black,46,41,0.8913043478260869
2018,AK,Native American,211,185,0.8767772511848341
2018,AK,Pacific Islander,12,12,1.0
2018,AK,White,2012,1899,0.9438369781312127
2018,AL,Asian,546,492,0.9010989010989011
2018,AL,Black,1619,1362,0.8412600370599135
2018,AL,Native American,60,49,0.8166666666666667
2018,AL,Pacific Islander,16,15,0.9375
2018,AL,White,12814,11764,0.9180583736538162
2018,AR,Asian,292,249,0.8527397260273972
2018,AR,Black,529,434,0.8204158790170132
2018,AR,Native American,46,43,0.9347826086956522
2018,AR,Pacific Islander,9,8,0.8888888888888888
2018,AR,White,7863,7037,0.8949510365000636
2018,AZ,Asian,2076,1859,0.8954720616570327
2018,AZ,Black,1331,1157,0.8692712246431255
2018,AZ,Native American,340,304,0.8941176470588236
2018,AZ,Pacific Islander,102,96,0.9411764705882353
2018,AZ,White,38941,35518,0.9120977889627898
2018,CA,Asian,35284,30664,0.8690624645731776
2018,CA,Black,4732,4000,0.8453085376162299
2018,CA,Native American,1071,945,0.8823529411764706
2018,CA,Pacific Islander,615,519,0.8439024390243902
2018,CA,White,101631,90204,0.887563833869587
2018,CO,Asian,1938,1735,0.8952528379772962
2018,CO,Black,776,695,0.895618556701031
2018,CO,Native American,262,229,0.8740458015267175
2018,CO,Pacific Islander,66,57,0.8636363636363636
2018,CO,White,35784,32619,0.9115526492287056
2018,CT,Asian,812,726,0.8940886699507389
2018,CT,Black,884,725,0.8201357466063348
2018,CT,Native American,43,37,0.8604651162790697
2018,CT,Pacific Islander,22,21,0.9545454545454546
2018,CT,White,11830,10764,0.9098901098901099
2018,DC,Asian,260,239,0.9192307692307692
2018,DC,Black,696,592,0.8505747126436781
2018,DC,Native American,22,18,0.8181818181818182
2018,DC,Pacific Islander,2,1,0.5
2018,DC,White,2103,1974,0.9386590584878745
2018,DE,Asian,296,259,0.875
2018,DE,Black,533,435,0.8161350844277674
2018,DE,Native American,23,19,0.8260869565217391
2018,DE,Pacific Islander,7,7,1.0
2018,DE,White,3021,2778,0.9195630585898709
2018,FL,Asian,4363,3683,0.8441439376575751
2018,FL,Black,8316,6614,0.7953342953342953
2018,FL,Native American,487,408,0.837782340862423
2018,FL,Pacific Islander,213,174,0.8169014084507042
2018,FL,White,97708,84742,0.8672984811888484
2018,GA,Asian,4399,3909,0.8886110479654467
2018,GA,Black,7312,5852,0.800328227571116
2018,GA,Native American,200,159,0.795
2018,GA,Pacific Islander,46,41,0.8913043478260869
2018,GA,White,30424,27502,0.9039574020510124
2018,GU,Asian,12,7,0.5833333333333334
2018,GU,Pacific Islander,1,1,1.0
2018,GU,White,1,0,0.0
2018,HI,Asian,2282,2069,0.9066608238387379
2018,HI,Black,34,31,0.9117647058823529
2018,HI,Native American,43,37,0.8604651162790697
2018,HI,Pacific Islander,303,271,0.8943894389438944
2018,HI,White,1758,1549,0.8811149032992036
2018,IA,Asian,495,456,0.9212121212121213
2018,IA,Black,311,271,0.8713826366559485
2018,IA,Native American,50,40,0.8
2018,IA,Pacific Islander,4,3,0.75
2018,IA,White,13936,12875,0.9238662456946038
2018,ID,Asian,222,191,0.8603603603603603
2018,ID,Black,55,49,0.8909090909090909
2018,ID,Native American,109,93,0.8532110091743119
2018,ID,Pacific Islander,28,24,0.8571428571428571
2018,ID,White,12014,10710,0.8914599633760613
2018,IL,Asian,4589,4141,0.9023752451514491
2018,IL,Black,3104,2515,0.8102448453608248
2018,IL,Native American,177,145,0.8192090395480226
2018,IL,Pacific Islander,45,37,0.8222222222222222
2018,IL,White,45518,41480,0.9112878421723274
2018,IN,Asian,1353,1220,0.90169992609017
2018,IN,Black,1194,1018,0.8525963149078727
2018,IN,Native American,72,60,0.8333333333333334
2018,IN,Pacific Islander,23,22,0.9565217391304348
2018,IN,White,26762,24205,0.9044540766758837
2018,KS,Asian,493,431,0.8742393509127789
2018,KS,Black,234,197,0.8418803418803419
2018,KS,Native American,76,62,0.8157894736842105
2018,KS,Pacific Islander,9,8,0.8888888888888888
2018,KS,White,9048,8353,0.9231874447391689
2018,KY,Asian,454,408,0.8986784140969163
2018,KY,Black,589,496,0.8421052631578947
2018,KY,Native American,38,35,0.9210526315789473
2018,KY,Pacific Islander,15,14,0.9333333333333333
2018,KY,White,13442,12259,0.9119922630560928
2018,LA,Asian,403,357,0.8858560794044665
2018,LA,Black,1423,1155,0.8116654954321855
2018,LA,Native American,53,41,0.7735849056603774
2018,LA,Pacific Islander,18,14,0.7777777777777778
2018,LA,White,9577,8825,0.9214785423410253
2018,MA,Asian,3376,3060,0.9063981042654028
2018,MA,Black,1701,1476,0.8677248677248677
2018,MA,Native American,80,65,0.8125
2018,MA,Pacific Islander,36,29,0.8055555555555556
2018,MA,White,24720,22909,0.9267394822006473
2018,MD,Asian,3081,2733,0.887049659201558
2018,MD,Black,4820,4139,0.858713692946058
2018,MD,Native American,97,80,0.8247422680412371
2018,MD,Pacific Islander,55,50,0.9090909090909091
2018,MD,White,16352,15147,0.9263087084148728
2018,ME,Asian,88,78,0.8863636363636364
2018,ME,Black,35,29,0.8285714285714286
2018,ME,Native American,12,9,0.75
2018,ME,Pacific Islander,4,4,1.0
2018,ME,White,4092,3600,0.8797653958944281
2018,MI,Asian,1979,1755,0.886811520970187
2018,MI,Black,2221,1793,0.8072940117064386
2018,MI,Native American,195,160,0.8205128205128205
2018,MI,Pacific Islander,34,27,0.7941176470588235
2018,MI,White,40046,36451,0.9102282375268441
2018,MN,Asian,2006,1833,0.9137587238285144
2018,MN,Black,1143,1002,0.8766404199475065
2018,MN,Native American,140,127,0.9071428571428571
2018,MN,Pacific Islander,38,34,0.8947368421052632
2018,MN,White,26435,24954,0.9439757896727823
2018,MO,Asian,748,681,0.910427807486631
2018,MO,Black,969,812,0.8379772961816305
2018,MO,Native American,109,94,0.8623853211009175
2018,MO,Pacific Islander,20,18,0.9
2018,MO,White,21374,19691,0.9212594741274446
2018,MS,Asian,160,131,0.81875
2018,MS,Black,874,645,0.7379862700228833
2018,MS,Native American,23,18,0.782608695652174
2018,MS,Pacific Islander,6,6,1.0
2018,MS,White,4819,4320,0.8964515459638929
2018,MT,Asian,45,42,0.9333333333333333
2018,MT,Black,16,14,0.875
2018,MT,Native American,32,29,0.90625
2018,MT,Pacific Islander,8,8,1.0
2018,MT,White,4317,3999,0.9263377345378735
2018,NC,Asian,2501,2187,0.8744502199120352
2018,NC,Black,5197,4329,0.8329805657109871
2018,NC,Native American,291,241,0.8281786941580757
2018,NC,Pacific Islander,63,59,0.9365079365079365
2018,NC,White,38956,35539,0.9122856556114591
2018,ND,Asian,44,41,0.9318181818181818
2018,ND,Black,32,31,0.96875
2018,ND,Native American,23,18,0.782608695652174
2018,ND,Pacific Islander,1,1,1.0
2018,ND,White,2662,2546,0.9564237415477085
2018,NE,Asian,317,300,0.9463722397476341
2018,NE,Black,157,139,0.8853503184713376
2018,NE,Native American,43,36,0.8372093023255814
2018,NE,Pacific Islander,13,13,1.0
2018,NE,White,7290,6827,0.9364883401920439
2018,NH,Asian,201,180,0.8955223880597015
2018,NH,Black,94,79,0.8404255319148937
2018,NH,Native American,21,18,0.8571428571428571
2018,NH,Pacific Islander,4,3,0.75
2018,NH,White,6521,5873,0.9006287379236313
2018,NJ,Asian,5350,4604,0.8605607476635514
2018,NJ,Black,2162,1728,0.7992599444958371
2018,NJ,Native American,95,70,0.7368421052631579
2018,NJ,Pacific Islander,57,49,0.8596491228070176
2018,NJ,White,27863,24991,0.8969242364425941
2018,NM,Asian,197,171,0.868020304568528
2018,NM,Black,90,81,0.9
2018,NM,Native American,125,99,0.792
2018,NM,Pacific Islander,5,5,1.0
2018,NM,White,5814,5160,0.8875128998968008
2018,NV,Asian,2462,2092,0.8497156783103168
2018,NV,Black,1108,942,0.8501805054151624
2018,NV,Native American,158,138,0.8734177215189873
2018,NV,Pacific Islander,201,182,0.9054726368159204
2018,NV,White,15691,13969,0.8902555605123956
2018,NY,Asian,8635,7489,0.8672843080486392
2018,NY,Black,3379,2693,0.7969813554306008
2018,NY,Native American,196,141,0.7193877551020408
2018,NY,Pacific Islander,109,87,0.7981651376146789
2018,NY,White,42049,37364,0.8885823681894932
2018,OH,Asian,2090,1880,0.8995215311004785
2018,OH,Black,2505,2071,0.8267465069860279
2018,OH,Native American,127,97,0.7637795275590551
2018,OH,Pacific Islander,47,38,0.8085106382978723
2018,OH,White,41119,37772,0.9186021060823464
2018,OK,Asian,530,479,0.9037735849056604
2018,OK,Black,311,268,0.8617363344051447
2018,OK,Native American,592,518,0.875
2018,OK,Pacific Islander,19,16,0.8421052631578947
2018,OK,White,9690,8683,0.8960784313725491
2018,OR,Asian,1533,1386,0.9041095890410958
2018,OR,Black,273,242,0.8864468864468864
2018,OR,Native American,185,168,0.9081081081081082
2018,OR,Pacific Islander,70,64,0.9142857142857143
2018,OR,White,19007,17358,0.9132424896090914
2018,PA,Asian,3165,2764,0.873301737756714
2018,PA,Black,2007,1604,0.7992027902341804
2018,PA,Native American,134,109,0.8134328358208955
2018,PA,Pacific Islander,52,44,0.8461538461538461
2018,PA,White,37509,34351,0.9158068730171426
2018,PR,Asian,9,5,0.5555555555555556
2018,PR,Black,95,77,0.8105263157894737
2018,PR,Native American,6,3,0.5
2018,PR,Pacific Islander,2,2,1.0
2018,PR,White,1443,1153,0.799029799029799
2018,RI,Asian,135,122,0.9037037037037037
2018,RI,Black,149,124,0.8322147651006712
2018,RI,Native American,14,8,0.5714285714285714
2018,RI,Pacific Islander,7,6,0.8571428571428571
2018,RI,White,4147,3815,0.9199421268386786
2018,SC,Asian,701,605,0.8630527817403709
2018,SC,Black,1778,1426,0.8020247469066367
2018,SC,Native American,96,70,0.7291666666666666
2018,SC,Pacific Islander,21,15,0.7142857142857143
2018,SC,White,20822,18920,0.9086543079435213
2018,SD,Asian,58,50,0.8620689655172413
2018,SD,Black,28,27,0.9642857142857143
2018,SD,Native American,36,33,0.9166666666666666
2018,SD,Pacific Islander,2,1,0.5
2018,SD,White,3065,2847,0.9288743882544861
2018,TN,Asian,1013,869,0.857847976307996
2018,TN,Black,1622,1331,0.8205918618988902
2018,TN,Native American,96,78,0.8125
2018,TN,Pacific Islander,34,31,0.9117647058823529
2018,TN,White,24463,21926,0.8962923598904468
2018,TX,Asian,12594,10968,0.8708909004287756
2018,TX,Black,7025,5836,0.8307473309608541
2018,TX,Native American,891,745,0.8361391694725028
2018,TX,Pacific Islander,177,154,0.8700564971751412
2018,TX,White,91083,81649,0.8964241406189959
2018,UT,Asian,850,765,0.9
2018,UT,Black,169,152,0.8994082840236687
2018,UT,Native American,89,80,0.898876404494382
2018,UT,Pacific Islander,147,139,0.9455782312925171
2018,UT,White,22085,20316,0.9199003848766131
2018,VA,Asian,4640,4098,0.8831896551724138
2018,VA,Black,2975,2584,0.8685714285714285
2018,VA,Native American,155,135,0.8709677419354839
2018,VA,Pacific Islander,56,46,0.8214285714285714
2018,VA,White,25705,23928,0.9308694806457888
2018,VI,White,1,1,1.0
2018,VT,Asian,55,52,0.9454545454545454
2018,VT,Black,18,18,1.0
2018,VT,Native American,5,2,0.4
2018,VT,Pacific Islander,1,1,1.0
2018,VT,White,2183,1966,0.9005955107650023
2018,WA,Asian,6863,6086,0.8867842051580941
2018,WA,Black,1174,1002,0.8534923339011925
2018,WA,Native American,400,366,0.915
2018,WA,Pacific Islander,173,158,0.9132947976878613
2018,WA,White,33352,30629,0.9183557207963541
2018,WI,Asian,983,856,0.8708036622583927
2018,WI,Black,623,496,0.7961476725521669
2018,WI,Native American,119,99,0.8319327731092437
2018,WI,Pacific Islander,21,19,0.9047619047619048
2018,WI,White,26334,23771,0.9026733500417711
2018,WV,Asian,68,53,0.7794117647058824
2018,WV,Black,60,45,0.75
2018,WV,Native American,7,5,0.7142857142857143
2018,WV,Pacific Islander,4,4,1.0
2018,WV,White,3705,3254,0.8782726045883941
2018,WY,Asian,19,18,0.9473684210526315
2018,WY,Black,5,5,1.0
2018,WY,Native American,7,6,0.8571428571428571
2018,WY,Pacific Islander,1,1,1.0
2018,WY,White,1838,1696,0.9227421109902068
2019,AK,Asian,133,122,0.9172932330827067
2019,AK,Black,51,46,0.9019607843137255
2019,AK,Native American,174,160,0.9195402298850575
2019,AK,Pacific Islander,13,12,0.9230769230769231
2019,AK,White,1970,1861,0.9446700507614213
2019,AL,Asian,450,413,0.9177777777777778
2019,AL,Black,1902,1550,0.814931650893796
2019,AL,Native American,60,48,0.8
2019,AL,Pacific Islander,13,12,0.9230769230769231
2019,AL,White,13174,12149,0.9221952330347655
2019,AR,Asian,312,269,0.8621794871794872
2019,AR,Black,521,397,0.761996161228407
2019,AR,Native American,57,48,0.8421052631578947
2019,AR,Pacific Islander,8,7,0.875
2019,AR,White,7948,7208,0.9068948163059889
2019,AZ,Asian,2040,1814,0.8892156862745098
2019,AZ,Black,1236,1059,0.8567961165048543
2019,AZ,Native American,337,297,0.8813056379821959
2019,AZ,Pacific Islander,86,78,0.9069767441860465
2019,AZ,White,38312,35034,0.9144393401545208
2019,CA,Asian,30679,27083,0.882786270738942
2019,CA,Black,4571,3811,0.8337344126011813
2019,CA,Native American,977,851,0.8710337768679631
2019,CA,Pacific Islander,523,462,0.8833652007648184
2019,CA,White,95958,86102,0.8972883970070239
2019,CO,Asian,2020,1813,0.8975247524752475
2019,CO,Black,880,790,0.8977272727272727
2019,CO,Native American,286,260,0.9090909090909091
2019,CO,Pacific Islander,57,51,0.8947368421052632
2019,CO,White,35291,32538,0.9219914425774277
2019,CT,Asian,759,644,0.8484848484848485
2019,CT,Black,889,717,0.8065241844769404
2019,CT,Native American,67,59,0.8805970149253731
2019,CT,Pacific Islander,18,15,0.8333333333333334
2019,CT,White,11058,10007,0.9049556881895461
2019,DC,Asian,227,209,0.920704845814978
2019,DC,Black,666,572,0.8588588588588588
2019,DC,Native American,15,13,0.8666666666666667
2019,DC,Pacific Islander,4,4,1.0
2019,DC,White,2010,1919,0.954726368159204
2019,DE,Asian,276,239,0.8659420289855072
2019,DE,Black,573,491,0.8568935427574171
2019,DE,Native American,19,18,0.9473684210526315
2019,DE,Pacific Islander,2,2,1.0
2019,DE,White,3213,3006,0.9355742296918768
2019,FL,Asian,4350,3685,0.8471264367816091
2019,FL,Black,8601,6945,0.807464248343216
2019,FL,Native American,453,365,0.8057395143487859
2019,FL,Pacific Islander,145,119,0.8206896551724138
2019,FL,White,98203,86300,0.8787918902681181
2019,GA,Asian,3787,3393,0.8959598626881436
2019,GA,Black,7659,6231,0.8135526831179005
2019,GA,Native American,207,169,0.8164251207729468
2019,GA,Pacific Islander,43,38,0.8837209302325582
2019,GA,White,30894,28192,0.9125396517123066
2019,HI,Asian,2227,2049,0.920071845532106
2019,HI,Black,36,32,0.8888888888888888
2019,HI,Native American,33,28,0.8484848484848485
2019,HI,Pacific Islander,287,238,0.8292682926829268
2019,HI,White,1663,1492,0.8971737823211064
2019,IA,Asian,457,424,0.9277899343544858
2019,IA,Black,290,255,0.8793103448275862
2019,IA,Native American,42,35,0.8333333333333334
2019,IA,Pacific Islander,7,7,1.0
2019,IA,White,13462,12485,0.9274253454167286
2019,ID,Asian,238,205,0.8613445378151261
2019,ID,Black,57,51,0.8947368421052632
2019,ID,Native American,101,89,0.8811881188118812
2019,ID,Pacific Islander,20,18,0.9
2019,ID,White,12166,10958,0.9007068880486602
2019,IL,Asian,4257,3862,0.9072116513976979
2019,IL,Black,3018,2423,0.8028495692511597
2019,IL,Native American,188,153,0.8138297872340425
2019,IL,Pacific Islander,41,34,0.8292682926829268
2019,IL,White,42892,39275,0.9156719201715938
2019,IN,Asian,1325,1149,0.8671698113207548
2019,IN,Black,1298,1089,0.8389830508474576
2019,IN,Native American,70,59,0.8428571428571429
2019,IN,Pacific Islander,10,9,0.9
2019,IN,White,26130,23804,0.9109835438193647
2019,KS,Asian,446,398,0.8923766816143498
2019,KS,Black,239,211,0.8828451882845189
2019,KS,Native American,80,72,0.9
2019,KS,Pacific Islander,14,12,0.8571428571428571
2019,KS,White,9046,8341,0.922065001105461
2019,KY,Asian,473,423,0.8942917547568711
2019,KY,Black,638,562,0.8808777429467085
2019,KY,Native American,42,33,0.7857142857142857
2019,KY,Pacific Islander,10,7,0.7
2019,KY,White,13396,12260,0.9151985667363393
2019,LA,Asian,409,378,0.9242053789731052
2019,LA,Black,1515,1210,0.7986798679867987
2019,LA,Native American,50,44,0.88
2019,LA,Pacific Islander,12,11,0.9166666666666666
2019,LA,White,9296,8594,0.9244836488812392
2019,MA,Asian,2890,2608,0.9024221453287197
2019,MA,Black,1551,1349,0.8697614442295294
2019,MA,Native American,68,55,0.8088235294117647
2019,MA,Pacific Islander,27,23,0.8518518518518519
2019,MA,White,23679,22030,0.9303602348072132
2019,MD,Asian,2927,2607,0.8906730440724291
2019,MD,Black,5314,4539,0.8541588257433196
2019,MD,Native American,114,100,0.8771929824561403
2019,MD,Pacific Islander,27,22,0.8148148148148148
2019,MD,White,16718,15517,0.9281612633090083
2019,ME,Asian,78,74,0.9487179487179487
2019,ME,Black,41,36,0.8780487804878049
2019,ME,Native American,19,14,0.7368421052631579
2019,ME,White,4301,3899,0.9065333643338759
2019,MI,Asian,1804,1630,0.9035476718403548
2019,MI,Black,2157,1745,0.808993973110802
2019,MI,Native American,177,149,0.8418079096045198
2019,MI,Pacific Islander,26,23,0.8846153846153846
2019,MI,White,38688,35264,0.9114971050454922
2019,MN,Asian,2019,1874,0.9281822684497276
2019,MN,Black,1271,1146,0.9016522423288749
2019,MN,Native American,165,146,0.8848484848484849
2019,MN,Pacific Islander,27,27,1.0
2019,MN,White,25994,24775,0.9531045625913672
2019,MO,Asian,702,627,0.8931623931623932
2019,MO,Black,1086,891,0.8204419889502762
2019,MO,Native American,121,99,0.8181818181818182
2019,MO,Pacific Islander,20,20,1.0
2019,MO,White,20904,19287,0.922646383467279
2019,MS,Asian,147,120,0.8163265306122449
2019,MS,Black,870,650,0.7471264367816092
2019,MS,Native American,31,24,0.7741935483870968
2019,MS,Pacific Islander,6,4,0.6666666666666666
2019,MS,White,4717,4190,0.8882764468942124
2019,MT,Asian,34,33,0.9705882352941176
2019,MT,Black,19,17,0.8947368421052632
2019,MT,Native American,51,42,0.8235294117647058
2019,MT,Pacific Islander,7,7,1.0
2019,MT,White,4639,4274,0.9213192498383272
2019,NC,Asian,2510,2236,0.8908366533864542
2019,NC,Black,5706,4804,0.8419207851384507
2019,NC,Native American,301,246,0.8172757475083057
2019,NC,Pacific Islander,54,46,0.8518518518518519
2019,NC,White,41230,37541,0.9105263157894737
2019,ND,Asian,33,27,0.8181818181818182
2019,ND,Black,22,18,0.8181818181818182
2019,ND,Native American,39,24,0.6153846153846154
2019,ND,Pacific Islander,4,4,1.0
2019,ND,White,2542,2404,0.9457120377655389
2019,NE,Asian,310,292,0.9419354838709677
2019,NE,Black,179,155,0.8659217877094972
2019,NE,Native American,29,26,0.896551724137931
2019,NE,Pacific Islander,14,11,0.7857142857142857
2019,NE,White,7261,6835,0.9413303952623605
2019,NH,Asian,205,172,0.8390243902439024
2019,NH,Black,67,52,0.7761194029850746
2019,NH,Native American,22,18,0.8181818181818182
2019,NH,Pacific Islander,5,5,1.0
2019,NH,White,6400,5809,0.90765625
2019,NJ,Asian,4937,4294,0.8697589629329552
2019,NJ,Black,2249,1864,0.8288128056914184
2019,NJ,Native American,90,71,0.7888888888888889
2019,NJ,Pacific Islander,41,33,0.8048780487804879
2019,NJ,White,27858,25147,0.9026850455883408
2019,NM,Asian,252,226,0.8968253968253969
2019,NM,Black,100,82,0.82
2019,NM,Native American,138,123,0.8913043478260869
2019,NM,Pacific Islander,7,7,1.0
2019,NM,White,5777,5249,0.9086030811840056
2019,NV,Asian,2061,1780,0.863658418243571
2019,NV,Black,966,812,0.8405797101449275
2019,NV,Native American,118,101,0.8559322033898306
2019,NV,Pacific Islander,128,118,0.921875
2019,NV,White,13599,12026,0.8843297301272153
2019,NY,Asian,7682,6634,0.8635771934392086
2019,NY,Black,3632,2966,0.8166299559471366
2019,NY,Native American,170,135,0.7941176470588235
2019,NY,Pacific Islander,92,68,0.7391304347826086
2019,NY,White,40926,36611,0.8945658016908566
2019,OH,Asian,2009,1820,0.9059233449477352
2019,OH,Black,2606,2202,0.8449731389102072
2019,OH,Native American,118,101,0.8559322033898306
2019,OH,Pacific Islander,32,27,0.84375
2019,OH,White,41909,38915,0.9285594979598655
2019,OK,Asian,547,490,0.8957952468007313
2019,OK,Black,343,281,0.8192419825072886
2019,OK,Native American,733,629,0.8581173260572987
2019,OK,Pacific Islander,12,10,0.8333333333333334
2019,OK,White,9711,8777,0.9038204098445062
2019,OR,Asian,1506,1368,0.9083665338645418
2019,OR,Black,327,280,0.8562691131498471
2019,OR,Native American,193,174,0.9015544041450777
2019,OR,Pacific Islander,61,55,0.9016393442622951
2019,OR,White,18858,17465,0.9261321455085375
2019,PA,Asian,3152,2793,0.8861040609137056
2019,PA,Black,2246,1810,0.8058771148708815
2019,PA,Native American,124,96,0.7741935483870968
2019,PA,Pacific Islander,44,37,0.8409090909090909
2019,PA,White,37548,34446,0.9173857462448066
2019,PR,Asian,10,6,0.6
2019,PR,Black,100,70,0.7
2019,PR,Native American,7,3,0.42857142857142855
2019,PR,Pacific Islander,1,0,0.0
2019,PR,White,1738,1324,0.761795166858458
2019,RI,Asian,147,132,0.8979591836734694
2019,RI,Black,140,118,0.8428571428571429
2019,RI,Native American,13,9,0.6923076923076923
2019,RI,Pacific Islander,4,4,1.0
2019,RI,White,3942,3641,0.9236428209030949
2019,SC,Asian,733,642,0.8758526603001364
2019,SC,Black,2024,1627,0.8038537549407114
2019,SC,Native American,103,83,0.8058252427184466
2019,SC,Pacific Islander,22,19,0.8636363636363636
2019,SC,White,21529,19588,0.9098425379720377
2019,SD,Asian,44,41,0.9318181818181818
2019,SD,Black,27,26,0.9629629629629629
2019,SD,Native American,29,25,0.8620689655172413
2019,SD,Pacific Islander,2,2,1.0
2019,SD,White,2897,2690,0.9285467725233
2019,TN,Asian,974,852,0.8747433264887063
2019,TN,Black,1792,1521,0.8487723214285714
2019,TN,Native American,119,101,0.8487394957983193
2019,TN,Pacific Islander,23,17,0.7391304347826086
2019,TN,White,25389,22951,0.9039741620386782
2019,TX,Asian,11751,10310,0.8773721385414007
2019,TX,Black,7298,5975,0.8187174568374898
2019,TX,Native American,1013,860,0.8489634748272458
2019,TX,Pacific Islander,152,128,0.8421052631578947
2019,TX,White,91806,82577,0.8994728013419602
2019,UT,Asian,837,760,0.9080047789725209
2019,UT,Black,163,150,0.9202453987730062
2019,UT,Native American,100,91,0.91
2019,UT,Pacific Islander,116,109,0.9396551724137931
2019,UT,White,20836,19035,0.9135630639278173
2019,VA,Asian,4625,4167,0.900972972972973
2019,VA,Black,3035,2664,0.8777594728171334
2019,VA,Native American,152,127,0.8355263157894737
2019,VA,Pacific Islander,49,43,0.8775510204081632
2019,VA,White,26261,24499,0.9329043067666882
2019,VT,Asian,53,50,0.9433962264150944
2019,VT,Black,20,18,0.9
2019,VT,Native American,14,10,0.7142857142857143
2019,VT,White,2054,1844,0.8977604673807206
2019,WA,Asian,5921,5341,0.9020435737206552
2019,WA,Black,1181,1043,0.8831498729889924
2019,WA,Native American,384,348,0.90625
2019,WA,Pacific Islander,159,139,0.8742138364779874
2019,WA,White,32442,29987,0.9243264903520129
2019,WI,Asian,956,823,0.8608786610878661
2019,WI,Black,745,538,0.7221476510067114
2019,WI,Native American,136,116,0.8529411764705882
2019,WI,Pacific Islander,17,15,0.8823529411764706
2019,WI,White,25520,23088,0.9047021943573668
2019,WV,Asian,66,58,0.8787878787878788
2019,WV,Black,85,74,0.8705882352941177
2019,WV,Native American,13,10,0.7692307692307693
2019,WV,Pacific Islander,2,1,0.5
2019,WV,White,3572,3112,0.8712206047032475
2019,WY,Asian,15,14,0.9333333333333333
2019,WY,Black,8,8,1.0
2019,WY,Native American,10,8,0.8
2019,WY,Pacific Islander,1,1,1.0
2019,WY,White,1895,1740,0.9182058047493403
2020,AK,Asian,181,163,0.9005524861878453
2020,AK,Black,41,39,0.9512195121951219
2020,AK,Native American,198,179,0.9040404040404041
2020,AK,Pacific Islander,16,15,0.9375
2020,AK,White,2168,2013,0.9285055350553506
2020,AL,Asian,540,476,0.8814814814814815
2020,AL,Black,2411,1959,0.8125259228535877
2020,AL,Native American,100,82,0.82
2020,AL,Pacific Islander,15,12,0.8
2020,AL,White,15582,14403,0.9243357720446669
2020,AR,Asian,330,298,0.9030303030303031
2020,AR,Black,655,497,0.7587786259541984
2020,AR,Native American,109,95,0.8715596330275229
2020,AR,Pacific Islander,10,9,0.9
2020,AR,White,8875,8113,0.9141408450704225
2020,AZ,Asian,2119,1889,0.8914582350165172
2020,AZ,Black,1382,1192,0.8625180897250362
2020,AZ,Native American,388,326,0.8402061855670103
2020,AZ,Pacific Islander,93,81,0.8709677419354839
2020,AZ,White,39611,36042,0.9098987654944334
2020,CA,Asian,30499,26961,0.8839961965966098
2020,CA,Black,4961,4141,0.8347107438016529
2020,CA,Native American,1326,1155,0.8710407239819005
2020,CA,Pacific Islander,548,492,0.8978102189781022
2020,CA,White,99876,89688,0.897993511954824
2020,CO,Asian,2060,1836,0.8912621359223301
2020,CO,Black,920,803,0.8728260869565218
2020,CO,Native American,403,351,0.8709677419354839
2020,CO,Pacific Islander,78,73,0.9358974358974359
2020,CO,White,36686,33874,0.9233495066237802
2020,CT,Asian,891,810,0.9090909090909091
2020,CT,Black,1154,950,0.8232235701906413
2020,CT,Native American,90,77,0.8555555555555555
2020,CT,Pacific Islander,22,18,0.8181818181818182
2020,CT,White,14321,13113,0.9156483485790099
2020,DC,Asian,263,240,0.9125475285171103
2020,DC,Black,715,618,0.8643356643356643
2020,DC,Native American,26,22,0.8461538461538461
2020,DC,Pacific Islander,6,6,1.0
2020,DC,White,2264,2127,0.9394876325088339
2020,DE,Asian,264,231,0.875
2020,DE,Black,669,566,0.8460388639760837
2020,DE,Native American,28,23,0.8214285714285714
2020,DE,Pacific Islander,9,8,0.8888888888888888
2020,DE,White,3689,3409,0.9240986717267552
2020,FL,Asian,4477,3762,0.8402948402948403
2020,FL,Black,9221,7355,0.7976358312547446
2020,FL,Native American,572,460,0.8041958041958042
2020,FL,Pacific Islander,155,131,0.8451612903225807
2020,FL,White,109815,96427,0.8780858716933023
2020,GA,Asian,4212,3754,0.8912630579297246
2020,GA,Black,8996,7247,0.8055802578923966
2020,GA,Native American,248,203,0.8185483870967742
2020,GA,Pacific Islander,46,39,0.8478260869565217
2020,GA,White,34699,31669,0.9126775987780628
2020,GU,Asian,8,7,0.875
2020,GU,Pacific Islander,1,0,0.0
2020,GU,White,3,3,1.0
2020,HI,Asian,1814,1637,0.902425578831312
2020,HI,Black,55,43,0.7818181818181819
2020,HI,Native American,46,39,0.8478260869565217
2020,HI,Pacific Islander,241,208,0.8630705394190872
2020,HI,White,1577,1393,0.8833227647431833
2020,IA,Asian,495,454,0.9171717171717172
2020,IA,Black,353,304,0.8611898016997167
2020,IA,Native American,54,45,0.8333333333333334
2020,IA,Pacific Islander,10,5,0.5
2020,IA,White,14852,13774,0.9274171828709938
2020,ID,Asian,239,216,0.9037656903765691
2020,ID,Black,68,59,0.8676470588235294
2020,ID,Native American,125,105,0.84
2020,ID,Pacific Islander,26,23,0.8846153846153846
2020,ID,White,12985,11629,0.8955718136311128
2020,IL,Asian,4544,4068,0.8952464788732394
2020,IL,Black,3762,3041,0.8083466241360978
2020,IL,Native American,265,221,0.8339622641509434
2020,IL,Pacific Islander,40,35,0.875
2020,IL,White,48253,44290,0.91787039147825
2020,IN,Asian,1698,1499,0.8828032979976443
2020,IN,Black,1590,1332,0.8377358490566038
2020,IN,Native American,90,71,0.7888888888888889
2020,IN,Pacific Islander,34,32,0.9411764705882353
2020,IN,White,28753,26346,0.9162869961395332
2020,KS,Asian,511,462,0.9041095890410958
2020,KS,Black,297,256,0.8619528619528619
2020,KS,Native American,95,82,0.8631578947368421
2020,KS,Pacific Islander,13,11,0.8461538461538461
2020,KS,White,10523,9803,0.9315784472108715
2020,KY,Asian,468,419,0.8952991452991453
2020,KY,Black,743,645,0.8681022880215343
2020,KY,Native American,35,28,0.8
2020,KY,Pacific Islander,16,15,0.9375
2020,KY,White,14623,13306,0.9099364015591875
2020,LA,Asian,459,406,0.8845315904139434
2020,LA,Black,1647,1260,0.7650273224043715
2020,LA,Native American,58,47,0.8103448275862069
2020,LA,Pacific Islander,7,4,0.5714285714285714
2020,LA,White,10182,9427,0.9258495384011
2020,MA,Asian,3053,2755,0.9023910907304291
2020,MA,Black,1741,1528,0.8776565192418151
2020,MA,Native American,96,85,0.8854166666666666
2020,MA,Pacific Islander,24,21,0.875
2020,MA,White,24554,22868,0.9313350166978903
2020,MD,Asian,2828,2536,0.8967468175388967
2020,MD,Black,5843,5003,0.8562382337840151
2020,MD,Native American,132,114,0.8636363636363636
2020,MD,Pacific Islander,67,59,0.8805970149253731
2020,MD,White,17896,16708,0.9336164506034869
2020,ME,Asian,91,83,0.9120879120879121
2020,ME,Black,70,56,0.8
2020,ME,Native American,28,23,0.8214285714285714
2020,ME,Pacific Islander,1,1,1.0
2020,ME,White,5209,4639,0.8905740065271646
2020,MI,Asian,1866,1675,0.897642015005359
2020,MI,Black,2414,1939,0.8032311516155758
2020,MI,Native American,170,152,0.8941176470588236
2020,MI,Pacific Islander,24,20,0.8333333333333334
2020,MI,White,39851,36546,0.917066071114903
2020,MN,Asian,2196,2031,0.924863387978142
2020,MN,Black,1463,1305,0.8920027341079972
2020,MN,Native American,241,223,0.9253112033195021
2020,MN,Pacific Islander,31,28,0.9032258064516129
2020,MN,White,28827,27314,0.9475144829500122
2020,MO,Asian,788,716,0.9086294416243654
2020,MO,Black,1403,1169,0.8332145402708482
2020,MO,Native American,147,128,0.8707482993197279
2020,MO,Pacific Islander,21,18,0.8571428571428571
2020,MO,White,23988,22315,0.9302567950641988
2020,MS,Asian,189,165,0.873015873015873
2020,MS,Black,1156,889,0.7690311418685121
2020,MS,Native American,23,22,0.9565217391304348
2020,MS,Pacific Islander,6,5,0.8333333333333334
2020,MS,White,5379,4851,0.901840490797546
2020,MT,Asian,54,48,0.8888888888888888
2020,MT,Black,18,17,0.9444444444444444
2020,MT,Native American,83,76,0.9156626506024096
2020,MT,Pacific Islander,6,4,0.6666666666666666
2020,MT,White,5453,5063,0.9284797359251789
2020,NC,Asian,2631,2305,0.8760927404028886
2020,NC,Black,6643,5500,0.8279391841035677
2020,NC,Native American,380,317,0.8342105263157895
2020,NC,Pacific Islander,74,64,0.8648648648648649
2020,NC,White,45126,41069,0.9100961751540132
2020,ND,Asian,49,46,0.9387755102040817
2020,ND,Black,40,31,0.775
2020,ND,Native American,47,40,0.851063829787234
2020,ND,White,2874,2696,0.9380654140570633
2020,NE,Asian,329,305,0.9270516717325228
2020,NE,Black,179,158,0.88268156424581
2020,NE,Native American,44,34,0.7727272727272727
2020,NE,Pacific Islander,12,12,1.0
2020,NE,White,8374,7880,0.9410078815380941
2020,NH,Asian,208,186,0.8942307692307693
2020,NH,Black,83,75,0.9036144578313253
2020,NH,Native American,27,22,0.8148148148148148
2020,NH,Pacific Islander,5,5,1.0
2020,NH,White,6934,6355,0.9164984136140756
2020,NJ,Asian,4998,4346,0.8695478191276511
2020,NJ,Black,2775,2289,0.8248648648648649
2020,NJ,Native American,125,102,0.816
2020,NJ,Pacific Islander,50,40,0.8
2020,NJ,White,30743,27801,0.9043034186644114
2020,NM,Asian,258,237,0.9186046511627907
2020,NM,Black,100,89,0.89
2020,NM,Native American,136,115,0.8455882352941176
2020,NM,Pacific Islander,13,12,0.9230769230769231
2020,NM,White,6222,5625,0.9040501446480231
2020,NV,Asian,1972,1637,0.8301217038539553
2020,NV,Black,942,783,0.8312101910828026
2020,NV,Native American,146,123,0.8424657534246576
2020,NV,Pacific Islander,125,104,0.832
2020,NV,White,13409,11815,0.881124617794019
2020,NY,Asian,7048,5844,0.8291713961407492
2020,NY,Black,3587,2882,0.8034569277948146
2020,NY,Native American,192,141,0.734375
2020,NY,Pacific Islander,71,55,0.7746478873239436
2020,NY,White,42089,37489,0.890707785882297
2020,OH,Asian,2122,1935,0.911875589066918
2020,OH,Black,3058,2634,0.8613472858077175
2020,OH,Native American,147,121,0.8231292517006803
2020,OH,Pacific Islander,54,50,0.9259259259259259
2020,OH,White,44257,41171,0.9302709175949567
2020,OK,Asian,612,567,0.9264705882352942
2020,OK,Black,425,340,0.8
2020,OK,Native American,860,753,0.8755813953488372
2020,OK,Pacific Islander,21,19,0.9047619047619048
2020,OK,White,10485,9453,0.9015736766809728
2020,OR,Asian,1515,1358,0.8963696369636963
2020,OR,Black,412,356,0.8640776699029126
2020,OR,Native American,237,218,0.919831223628692
2020,OR,Pacific Islander,68,68,1.0
2020,OR,White,20411,18883,0.9251384057615991
2020,PA,Asian,3345,2930,0.8759342301943199
2020,PA,Black,2472,2044,0.8268608414239482
2020,PA,Native American,132,103,0.7803030303030303
2020,PA,Pacific Islander,40,35,0.875
2020,PA,White,40106,36836,0.9184660649279409
2020,PR,Asian,6,4,0.6666666666666666
2020,PR,Black,75,54,0.72
2020,PR,Native American,7,6,0.8571428571428571
2020,PR,Pacific Islander,1,0,0.0
2020,PR,White,1491,1174,0.7873910127431254
2020,RI,Asian,164,147,0.8963414634146342
2020,RI,Black,175,155,0.8857142857142857
2020,RI,Native American,12,11,0.9166666666666666
2020,RI,Pacific Islander,13,13,1.0
2020,RI,White,4264,3994,0.9366791744840526
2020,SC,Asian,719,631,0.8776077885952712
2020,SC,Black,2361,1834,0.7767894959762812
2020,SC,Native American,125,93,0.744
2020,SC,Pacific Islander,20,18,0.9
2020,SC,White,24045,21782,0.905884799334581
2020,SD,Asian,46,43,0.9347826086956522
2020,SD,Black,47,45,0.9574468085106383
2020,SD,Native American,47,41,0.8723404255319149
2020,SD,Pacific Islander,2,2,1.0
2020,SD,White,3328,3166,0.9513221153846154
2020,TN,Asian,1028,901,0.8764591439688716
2020,TN,Black,2218,1871,0.8435527502254283
2020,TN,Native American,151,125,0.8278145695364238
2020,TN,Pacific Islander,33,29,0.8787878787878788
2020,TN,White,29317,26323,0.8978749530988847
2020,TX,Asian,12795,11172,0.8731535756154748
2020,TX,Black,8480,6855,0.808372641509434
2020,TX,Native American,1148,968,0.8432055749128919
2020,TX,Pacific Islander,158,140,0.8860759493670886
2020,TX,White,98860,88793,0.8981691280598827
2020,UT,Asian,842,770,0.9144893111638955
2020,UT,Black,222,192,0.8648648648648649
2020,UT,Native American,109,100,0.9174311926605505
2020,UT,Pacific Islander,141,123,0.8723404255319149
2020,UT,White,22974,21178,0.921824671367633
2020,VA,Asian,4468,4004,0.8961504028648165
2020,VA,Black,3522,3008,0.8540601930721181
2020,VA,Native American,195,174,0.8923076923076924
2020,VA,Pacific Islander,85,80,0.9411764705882353
2020,VA,White,28549,26521,0.928964236925987
2020,VI,White,1,1,1.0
2020,VT,Asian,40,37,0.925
2020,VT,Black,18,16,0.8888888888888888
2020,VT,Native American,12,10,0.8333333333333334
2020,VT,White,2092,1842,0.8804971319311663
2020,WA,Asian,5910,5292,0.8954314720812183
2020,WA,Black,1227,1081,0.8810105949470253
2020,WA,Native American,430,380,0.8837209302325582
2020,WA,Pacific Islander,146,127,0.8698630136986302
2020,WA,White,33258,30760,0.924890251969451
2020,WI,Asian,968,853,0.881198347107438
2020,WI,Black,923,774,0.838569880823402
2020,WI,Native American,147,108,0.7346938775510204
2020,WI,Pacific Islander,20,20,1.0
2020,WI,White,27296,24819,0.909254103165299
2020,WV,Asian,53,45,0.8490566037735849
2020,WV,Black,95,70,0.7368421052631579
2020,WV,Native American,15,14,0.9333333333333333
2020,WV,Pacific Islander,5,5,1.0
2020,WV,White,3686,3211,0.8711340206185567
2020,WY,Asian,23,18,0.782608695652174
2020,WY,Black,12,9,0.75
2020,WY,Native American,12,9,0.75
2020,WY,Pacific Islander,2,1,0.5
2020,WY,White,2082,1927,0.925552353506244
2021,AK,Asian,207,183,0.8840579710144928
2021,AK,Black,68,59,0.8676470588235294
2021,AK,Native American,246,213,0.8658536585365854
2021,AK,Pacific Islander,14,14,1.0
2021,AK,White,2368,2196,0.9273648648648649
2021,AL,Asian,734,660,0.8991825613079019
2021,AL,Black,2871,2378,0.8282828282828283
2021,AL,Native American,136,117,0.8602941176470589
2021,AL,Pacific Islander,18,17,0.9444444444444444
2021,AL,White,17188,15803,0.919420525948336
2021,AR,Asian,430,404,0.9395348837209302
2021,AR,Black,690,532,0.7710144927536232
2021,AR,Native American,119,104,0.8739495798319328
2021,AR,Pacific Islander,9,8,0.8888888888888888
2021,AR,White,9369,8564,0.9140783434731562
2021,AZ,Asian,2716,2447,0.9009572901325479
2021,AZ,Black,1591,1390,0.873664362036455
2021,AZ,Native American,484,423,0.8739669421487604
2021,AZ,Pacific Islander,107,100,0.9345794392523364
2021,AZ,White,38784,35617,0.9183426155115512
2021,CA,Asian,45040,41312,0.9172291296625222
2021,CA,Black,6686,5765,0.8622494765180975
2021,CA,Native American,1558,1404,0.9011553273427471
2021,CA,Pacific Islander,603,553,0.9170812603648425
2021,CA,White,114148,104336,0.9140414199109927
2021,CO,Asian,2764,2486,0.8994211287988423
2021,CO,Black,1207,1073,0.8889809444904723
2021,CO,Native American,475,435,0.9157894736842105
2021,CO,Pacific Islander,83,78,0.9397590361445783
2021,CO,White,39414,36696,0.9310397320748972
2021,CT,Asian,1133,1033,0.911738746690203
2021,CT,Black,1654,1451,0.8772672309552599
2021,CT,Native American,119,110,0.9243697478991597
2021,CT,Pacific Islander,21,16,0.7619047619047619
2021,CT,White,14843,13788,0.9289227245166072
2021,DC,Asian,316,299,0.9462025316455697
2021,DC,Black,753,659,0.8751660026560425
2021,DC,Native American,19,16,0.8421052631578947
2021,DC,Pacific Islander,4,4,1.0
2021,DC,White,2456,2361,0.9613192182410424
2021,DE,Asian,349,319,0.9140401146131805
2021,DE,Black,837,717,0.8566308243727598
2021,DE,Native American,27,25,0.9259259259259259
2021,DE,Pacific Islander,8,5,0.625
2021,DE,White,3792,3534,0.9319620253164557
2021,FL,Asian,5980,5173,0.8650501672240802
2021,FL,Black,11896,9566,0.8041358439811701
2021,FL,Native American,845,695,0.8224852071005917
2021,FL,Pacific Islander,226,205,0.9070796460176991
2021,FL,White,124445,109881,0.8829683796054482
2021,GA,Asian,5447,4868,0.8937029557554618
2021,GA,Black,10544,8729,0.8278641881638846
2021,GA,Native American,297,247,0.8316498316498316
2021,GA,Pacific Islander,56,49,0.875
2021,GA,White,36591,33592,0.9180399551802356
2021,HI,Asian,2862,2646,0.9245283018867925
2021,HI,Black,60,51,0.85
2021,HI,Native American,65,60,0.9230769230769231
2021,HI,Pacific Islander,351,309,0.8803418803418803
2021,HI,White,2037,1830,0.898379970544919
2021,IA,Asian,619,564,0.9111470113085622
2021,IA,Black,456,404,0.8859649122807017
2021,IA,Native American,84,72,0.8571428571428571
2021,IA,Pacific Islander,6,5,0.8333333333333334
2021,IA,White,15750,14687,0.9325079365079365
2021,ID,Asian,260,225,0.8653846153846154
2021,ID,Black,83,76,0.9156626506024096
2021,ID,Native American,115,102,0.8869565217391304
2021,ID,Pacific Islander,22,20,0.9090909090909091
2021,ID,White,12032,10891,0.9051695478723404
2021,IL,Asian,6314,5768,0.9135254988913526
2021,IL,Black,5291,4179,0.7898317898317898
2021,IL,Native American,388,312,0.8041237113402062
2021,IL,Pacific Islander,53,46,0.8679245283018868
2021,IL,White,54344,50238,0.9244442808773737
2021,IN,Asian,2188,1913,0.8743144424131627
2021,IN,Black,2041,1678,0.8221460068593827
2021,IN,Native American,174,139,0.7988505747126436
2021,IN,Pacific Islander,29,26,0.896551724137931
2021,IN,White,30273,27672,0.9140818551184223
2021,KS,Asian,620,578,0.932258064516129
2021,KS,Black,341,290,0.8504398826979472
2021,KS,Native American,125,114,0.912
2021,KS,Pacific Islander,10,10,1.0
2021,KS,White,10649,9886,0.9283500798197014
2021,KY,Asian,646,596,0.9226006191950464
2021,KY,Black,875,766,0.8754285714285714
2021,KY,Native American,65,58,0.8923076923076924
2021,KY,Pacific Islander,14,11,0.7857142857142857
2021,KY,White,15534,14248,0.9172138534826831
2021,LA,Asian,571,496,0.8686514886164624
2021,LA,Black,2073,1583,0.7636275928605886
2021,LA,Native American,96,70,0.7291666666666666
2021,LA,Pacific Islander,16,14,0.875
2021,LA,White,11588,10693,0.9227649292371418
2021,MA,Asian,4283,3952,0.9227177212234415
2021,MA,Black,2294,2013,0.8775065387968614
2021,MA,Native American,147,131,0.891156462585034
2021,MA,Pacific Islander,27,24,0.8888888888888888
2021,MA,White,25602,24004,0.9375830013280213
2021,MD,Asian,3750,3432,0.9152
2021,MD,Black,7272,6384,0.8778877887788779
2021,MD,Native American,184,160,0.8695652173913043
2021,MD,Pacific Islander,65,62,0.9538461538461539
2021,MD,White,19542,18407,0.9419199672500256
2021,ME,Asian,113,100,0.8849557522123894
2021,ME,Black,115,101,0.8782608695652174
2021,ME,Native American,30,23,0.7666666666666667
2021,ME,Pacific Islander,5,4,0.8
2021,ME,White,5716,5117,0.8952064380685795
2021,MI,Asian,2529,2319,0.9169632265717675
2021,MI,Black,3201,2650,0.8278662917838175
2021,MI,Native American,275,245,0.8909090909090909
2021,MI,Pacific Islander,31,25,0.8064516129032258
2021,MI,White,42095,38945,0.9251692600071267
2021,MN,Asian,2744,2585,0.9420553935860059
2021,MN,Black,1956,1777,0.9084867075664622
2021,MN,Native American,266,246,0.924812030075188
2021,MN,Pacific Islander,28,25,0.8928571428571429
2021,MN,White,30200,28841,0.955
2021,MO,Asian,968,886,0.9152892561983471
2021,MO,Black,1552,1291,0.8318298969072165
2021,MO,Native American,209,187,0.8947368421052632
2021,MO,Pacific Islander,29,26,0.896551724137931
2021,MO,White,25448,23774,0.9342187991197737
2021,MS,Asian,231,191,0.8268398268398268
2021,MS,Black,1469,1144,0.7787610619469026
2021,MS,Native American,36,27,0.75
2021,MS,Pacific Islander,4,4,1.0
2021,MS,White,6057,5427,0.8959881129271917
2021,MT,Asian,88,80,0.9090909090909091
2021,MT,Black,21,20,0.9523809523809523
2021,MT,Native American,93,77,0.8279569892473119
2021,MT,Pacific Islander,4,4,1.0
2021,MT,White,5469,5047,0.9228378131285427
2021,NC,Asian,3728,3369,0.9037017167381974
2021,NC,Black,7481,6252,0.8357171501136211
2021,NC,Native American,498,408,0.8192771084337349
2021,NC,Pacific Islander,59,55,0.9322033898305084
2021,NC,White,45996,42210,0.9176884946517089
2021,ND,Asian,77,73,0.948051948051948
2021,ND,Black,56,48,0.8571428571428571
2021,ND,Native American,45,36,0.8
2021,ND,Pacific Islander,6,5,0.8333333333333334
2021,ND,White,3417,3241,0.948492829967808
2021,NE,Asian,395,373,0.9443037974683545
2021,NE,Black,242,221,0.9132231404958677
2021,NE,Native American,59,58,0.9830508474576272
2021,NE,Pacific Islander,10,10,1.0
2021,NE,White,8576,8166,0.9521921641791045
2021,NH,Asian,279,252,0.9032258064516129
2021,NH,Black,86,72,0.8372093023255814
2021,NH,Native American,31,23,0.7419354838709677
2021,NH,Pacific Islander,6,4,0.6666666666666666
2021,NH,White,6745,6231,0.9237954040029651
2021,NJ,Asian,6852,6152,0.8978400467016929
2021,NJ,Black,3694,3065,0.8297238765565782
2021,NJ,Native American,203,174,0.8571428571428571
2021,NJ,Pacific Islander,55,49,0.8909090909090909
2021,NJ,White,33915,31012,0.9144036561993218
2021,NM,Asian,289,258,0.8927335640138409
2021,NM,Black,154,130,0.8441558441558441
2021,NM,Native American,213,181,0.8497652582159625
2021,NM,Pacific Islander,12,10,0.8333333333333334
2021,NM,White,6713,6040,0.8997467600178758
2021,NV,Asian,2884,2507,0.8692787794729542
2021,NV,Black,1295,1057,0.8162162162162162
2021,NV,Native American,186,155,0.8333333333333334
2021,NV,Pacific Islander,151,126,0.8344370860927153
2021,NV,White,15020,13498,0.8986684420772304
2021,NY,Asian,11361,10002,0.8803802482175864
2021,NY,Black,5073,4237,0.8352059925093633
2021,NY,Native American,340,279,0.8205882352941176
2021,NY,Pacific Islander,98,82,0.8367346938775511
2021,NY,White,50313,45416,0.9026692902430783
2021,OH,Asian,2868,2611,0.9103905160390516
2021,OH,Black,3588,3113,0.8676142697881828
2021,OH,Native American,213,175,0.8215962441314554
2021,OH,Pacific Islander,59,55,0.9322033898305084
2021,OH,White,46446,43337,0.9330620505533308
2021,OK,Asian,820,723,0.8817073170731707
2021,OK,Black,495,420,0.8484848484848485
2021,OK,Native American,981,860,0.8766564729867482
2021,OK,Pacific Islander,23,20,0.8695652173913043
2021,OK,White,11572,10422,0.9006221914967162
2021,OR,Asian,2030,1861,0.9167487684729064
2021,OR,Black,542,493,0.9095940959409594
2021,OR,Native American,348,318,0.9137931034482759
2021,OR,Pacific Islander,87,82,0.9425287356321839
2021,OR,White,22198,20683,0.9317506081628976
2021,PA,Asian,4531,4025,0.8883248730964467
2021,PA,Black,3468,2909,0.8388119953863898
2021,PA,Native American,232,194,0.8362068965517241
2021,PA,Pacific Islander,68,60,0.8823529411764706
2021,PA,White,45020,41523,0.9223234118169702
2021,PR,Asian,11,8,0.7272727272727273
2021,PR,Black,128,102,0.796875
2021,PR,Native American,12,11,0.9166666666666666
2021,PR,Pacific Islander,1,0,0.0
2021,PR,White,2474,2021,0.816895715440582
2021,RI,Asian,220,194,0.8818181818181818
2021,RI,Black,278,241,0.8669064748201439
2021,RI,Native American,31,29,0.9354838709677419
2021,RI,Pacific Islander,7,7,1.0
2021,RI,White,4234,3979,0.9397732640529051
2021,SC,Asian,968,842,0.8698347107438017
2021,SC,Black,2814,2210,0.7853589196872779
2021,SC,Native American,168,136,0.8095238095238095
2021,SC,Pacific Islander,26,24,0.9230769230769231
2021,SC,White,26367,24017,0.910873440285205
2021,SD,Asian,45,43,0.9555555555555556
2021,SD,Black,61,54,0.8852459016393442
2021,SD,Native American,36,31,0.8611111111111112
2021,SD,Pacific Islander,1,1,1.0
2021,SD,White,3754,3544,0.9440596696856686
2021,TN,Asian,1322,1192,0.9016641452344932
2021,TN,Black,2575,2179,0.8462135922330097
2021,TN,Native American,183,157,0.8579234972677595
2021,TN,Pacific Islander,28,25,0.8928571428571429
2021,TN,White,31034,28065,0.9043307340336405
2021,TX,Asian,17346,15320,0.8832007379222876
2021,TX,Black,10465,8562,0.818155757286192
2021,TX,Native American,1526,1315,0.8617300131061599
2021,TX,Pacific Islander,207,181,0.8743961352657005
2021,TX,White,103295,93325,0.9034803233457573
2021,UT,Asian,1058,986,0.9319470699432892
2021,UT,Black,226,201,0.8893805309734514
2021,UT,Native American,172,158,0.9186046511627907
2021,UT,Pacific Islander,150,140,0.9333333333333333
2021,UT,White,22345,20636,0.9235175654508838
2021,VA,Asian,5855,5349,0.9135781383432964
2021,VA,Black,4462,3925,0.8796503809950694
2021,VA,Native American,252,209,0.8293650793650794
2021,VA,Pacific Islander,101,94,0.9306930693069307
2021,VA,White,31263,29111,0.9311646355116272
2021,VI,White,3,3,1.0
2021,VT,Asian,62,55,0.8870967741935484
2021,VT,Black,26,17,0.6538461538461539
2021,VT,Native American,18,11,0.6111111111111112
2021,VT,White,2231,1975,0.8852532496638279
2021,WA,Asian,8427,7824,0.9284442862228551
2021,WA,Black,1532,1402,0.9151436031331592
2021,WA,Native American,532,485,0.9116541353383458
2021,WA,Pacific Islander,190,175,0.9210526315789473
2021,WA,White,36086,33819,0.9371778529069446
2021,WI,Asian,1207,1092,0.9047224523612262
2021,WI,Black,1040,889,0.8548076923076923
2021,WI,Native American,207,180,0.8695652173913043
2021,WI,Pacific Islander,17,17,1.0
2021,WI,White,28517,26228,0.9197320896307466
2021,WV,Asian,100,91,0.91
2021,WV,Black,114,90,0.7894736842105263
2021,WV,Native American,28,15,0.5357142857142857
2021,WV,Pacific Islander,4,3,0.75
2021,WV,White,4389,3872,0.8822055137844611
2021,WY,Asian,31,29,0.9354838709677419
2021,WY,Black,11,8,0.7272727272727273
2021,WY,Native American,12,11,0.9166666666666666
2021,WY,Pacific Islander,1,1,1.0
2021,WY,White,2303,2150,0.9335649153278333
2022,AK,Asian,185,155,0.8378378378378378
2022,AK,Black,60,52,0.8666666666666667
2022,AK,Native American,258,229,0.8875968992248062
2022,AK,Pacific Islander,22,19,0.8636363636363636
2022,AK,White,2131,1912,0.8972313467855467
2022,AL,Asian,706,628,0.8895184135977338
2022,AL,Black,2836,2383,0.8402679830747531
2022,AL,Native American,157,131,0.8343949044585988
2022,AL,Pacific Islander,10,8,0.8
2022,AL,White,15247,13917,0.912769725191841
2022,AR,Asian,483,434,0.8985507246376812
2022,AR,Black,626,492,0.7859424920127795
2022,AR,Native American,136,119,0.875
2022,AR,Pacific Islander,11,10,0.9090909090909091
2022,AR,White,8806,7987,0.9069952305246423
2022,AZ,Asian,2920,2554,0.8746575342465753
2022,AZ,Black,1708,1432,0.8384074941451991
2022,AZ,Native American,428,350,0.8177570093457944
2022,AZ,Pacific Islander,92,70,0.7608695652173914
2022,AZ,White,33260,29943,0.9002705953096813
2022,CA,Asian,36510,32608,0.8931251711859765
2022,CA,Black,5527,4685,0.8476569567577348
2022,CA,Native American,1308,1142,0.8730886850152905
2022,CA,Pacific Islander,447,400,0.8948545861297539
2022,CA,White,85735,77255,0.9010905697789701
2022,CO,Asian,2779,2481,0.8927671824397265
2022,CO,Black,1173,1014,0.8644501278772379
2022,CO,Native American,376,332,0.8829787234042553
2022,CO,Pacific Islander,72,63,0.875
2022,CO,White,34058,31291,0.9187562393563921
2022,CT,Asian,1034,935,0.9042553191489362
2022,CT,Black,1450,1240,0.8551724137931035
2022,CT,Native American,114,96,0.8421052631578947
2022,CT,Pacific Islander,16,16,1.0
2022,CT,White,12556,11531,0.9183657215673782
2022,DC,Asian,274,245,0.8941605839416058
2022,DC,Black,678,590,0.8702064896755162
2022,DC,Native American,16,14,0.875
2022,DC,Pacific Islander,1,1,1.0
2022,DC,White,2003,1922,0.9595606590114828
2022,DE,Asian,367,308,0.8392370572207084
2022,DE,Black,947,811,0.856388595564942
2022,DE,Native American,28,25,0.8928571428571429
2022,DE,Pacific Islander,4,4,1.0
2022,DE,White,3808,3520,0.9243697478991597
2022,FL,Asian,6165,5112,0.8291970802919708
2022,FL,Black,11087,8750,0.7892125913231712
2022,FL,Native American,733,595,0.8117326057298773
2022,FL,Pacific Islander,177,149,0.8418079096045198
2022,FL,White,104256,90801,0.8709426795580111
2022,GA,Asian,5646,4980,0.8820403825717322
2022,GA,Black,10116,8237,0.81425464610518
2022,GA,Native American,266,228,0.8571428571428571
2022,GA,Pacific Islander,34,32,0.9411764705882353
2022,GA,White,30955,28334,0.9153287029559037
2022,GU,Asian,9,8,0.8888888888888888
2022,GU,Native American,1,1,1.0
2022,GU,Pacific Islander,2,2,1.0
2022,GU,White,5,5,1.0
2022,HI,Asian,2148,1956,0.9106145251396648
2022,HI,Black,55,45,0.8181818181818182
2022,HI,Native American,53,47,0.8867924528301887
2022,HI,Pacific Islander,256,220,0.859375
2022,HI,White,1626,1441,0.8862238622386224
2022,IA,Asian,551,507,0.9201451905626135
2022,IA,Black,490,436,0.889795918367347
2022,IA,Native American,91,80,0.8791208791208791
2022,IA,Pacific Islander,10,10,1.0
2022,IA,White,13806,12937,0.9370563523105896
2022,ID,Asian,225,191,0.8488888888888889
2022,ID,Black,93,79,0.8494623655913979
2022,ID,Native American,113,90,0.7964601769911505
2022,ID,Pacific Islander,29,25,0.8620689655172413
2022,ID,White,10615,9397,0.8852567121997174
2022,IL,Asian,5580,5024,0.9003584229390681
2022,IL,Black,4576,3655,0.7987325174825175
2022,IL,Native American,357,305,0.8543417366946778
2022,IL,Pacific Islander,45,38,0.8444444444444444
2022,IL,White,45483,42020,0.9238616625992129
2022,IN,Asian,2449,2187,0.8930175581870151
2022,IN,Black,2167,1793,0.8274111675126904
2022,IN,Native American,188,162,0.8617021276595744
2022,IN,Pacific Islander,20,14,0.7
2022,IN,White,28813,26368,0.915142470412661
2022,KS,Asian,548,508,0.927007299270073
2022,KS,Black,356,311,0.8735955056179775
2022,KS,Native American,123,104,0.8455284552845529
2022,KS,Pacific Islander,11,10,0.9090909090909091
2022,KS,White,9540,8780,0.9203354297693921
2022,KY,Asian,650,591,0.9092307692307692
2022,KY,Black,819,711,0.8681318681318682
2022,KY,Native American,80,66,0.825
2022,KY,Pacific Islander,9,9,1.0
2022,KY,White,14114,12977,0.9194416891030183
2022,LA,Asian,576,511,0.8871527777777778
2022,LA,Black,2084,1627,0.7807101727447217
2022,LA,Native American,103,85,0.8252427184466019
2022,LA,Pacific Islander,9,8,0.8888888888888888
2022,LA,White,10186,9349,0.9178283919104654
2022,MA,Asian,3765,3444,0.9147410358565737
2022,MA,Black,2179,1867,0.8568150527765029
2022,MA,Native American,136,121,0.8897058823529411
2022,MA,Pacific Islander,22,19,0.8636363636363636
2022,MA,White,22317,20705,0.9277680691849263
2022,MD,Asian,3398,3018,0.8881695114773396
2022,MD,Black,6785,5790,0.8533529845246868
2022,MD,Native American,187,153,0.8181818181818182
2022,MD,Pacific Islander,30,29,0.9666666666666667
2022,MD,White,16659,15546,0.9331892670628489
2022,ME,Asian,107,93,0.8691588785046729
2022,ME,Black,133,109,0.8195488721804511
2022,ME,Native American,29,27,0.9310344827586207
2022,ME,Pacific Islander,5,4,0.8
2022,ME,White,5095,4553,0.893621197252208
2022,MI,Asian,2560,2325,0.908203125
2022,MI,Black,2796,2289,0.8186695278969958
2022,MI,Native American,289,262,0.9065743944636678
2022,MI,Pacific Islander,22,20,0.9090909090909091
2022,MI,White,37317,34683,0.9294155478736232
2022,MN,Asian,2371,2223,0.9375790805567271
2022,MN,Black,1785,1584,0.8873949579831932
2022,MN,Native American,262,239,0.9122137404580153
2022,MN,Pacific Islander,25,24,0.96
2022,MN,White,26433,25062,0.9481330155487458
2022,MO,Asian,929,844,0.9085037674919269
2022,MO,Black,1414,1181,0.8352192362093352
2022,MO,Native American,188,158,0.8404255319148937
2022,MO,Pacific Islander,17,16,0.9411764705882353
2022,MO,White,22808,21097,0.924982462293932
2022,MS,Asian,233,207,0.8884120171673819
2022,MS,Black,1524,1162,0.7624671916010499
2022,MS,Native American,32,25,0.78125
2022,MS,Pacific Islander,8,6,0.75
2022,MS,White,5655,5020,0.887709991158267
2022,MT,Asian,53,50,0.9433962264150944
2022,MT,Black,14,11,0.7857142857142857
2022,MT,Native American,66,54,0.8181818181818182
2022,MT,Pacific Islander,6,6,1.0
2022,MT,White,4486,4061,0.9052608114132857
2022,NC,Asian,4592,3970,0.8645470383275261
2022,NC,Black,7213,6073,0.8419520310550395
2022,NC,Native American,443,356,0.8036117381489842
2022,NC,Pacific Islander,55,52,0.9454545454545454
2022,NC,White,41998,38547,0.9178294204485928
2022,ND,Asian,66,61,0.9242424242424242
2022,ND,Black,62,55,0.8870967741935484
2022,ND,Native American,47,41,0.8723404255319149
2022,ND,Pacific Islander,5,4,0.8
2022,ND,White,2985,2830,0.948073701842546
2022,NE,Asian,416,391,0.9399038461538461
2022,NE,Black,249,225,0.9036144578313253
2022,NE,Native American,63,59,0.9365079365079365
2022,NE,Pacific Islander,4,4,1.0
2022,NE,White,7842,7416,0.9456771231828616
2022,NH,Asian,309,283,0.9158576051779935
2022,NH,Black,100,83,0.83
2022,NH,Native American,38,32,0.8421052631578947
2022,NH,Pacific Islander,5,4,0.8
2022,NH,White,6001,5467,0.9110148308615231
2022,NJ,Asian,6182,5348,0.865092203170495
2022,NJ,Black,3277,2692,0.8214830637778456
2022,NJ,Native American,198,174,0.8787878787878788
2022,NJ,Pacific Islander,32,25,0.78125
2022,NJ,White,28411,25731,0.9056703389532224
2022,NM,Asian,245,222,0.9061224489795918
2022,NM,Black,151,127,0.8410596026490066
2022,NM,Native American,178,150,0.8426966292134831
2022,NM,Pacific Islander,10,9,0.9
2022,NM,White,5812,5181,0.8914315209910529
2022,NV,Asian,2834,2425,0.855681016231475
2022,NV,Black,1116,877,0.78584229390681
2022,NV,Native American,183,148,0.8087431693989071
2022,NV,Pacific Islander,126,108,0.8571428571428571
2022,NV,White,11712,10398,0.8878073770491803
2022,NY,Asian,10379,8974,0.86463050390211
2022,NY,Black,4502,3662,0.8134162594402488
2022,NY,Native American,303,244,0.8052805280528053
2022,NY,Pacific Islander,76,62,0.8157894736842105
2022,NY,White,43811,39131,0.8931775124968615
2022,OH,Asian,2868,2525,0.8804044630404463
2022,OH,Black,3472,2943,0.8476382488479263
2022,OH,Native American,210,182,0.8666666666666667
2022,OH,Pacific Islander,54,51,0.9444444444444444
2022,OH,White,42029,39098,0.9302624378405386
2022,OK,Asian,678,608,0.8967551622418879
2022,OK,Black,514,412,0.8015564202334631
2022,OK,Native American,1121,975,0.8697591436217663
2022,OK,Pacific Islander,20,17,0.85
2022,OK,White,10703,9693,0.9056339344109128
2022,OR,Asian,1894,1702,0.8986272439281943
2022,OR,Black,515,452,0.8776699029126214
2022,OR,Native American,259,241,0.9305019305019305
2022,OR,Pacific Islander,65,61,0.9384615384615385
2022,OR,White,18868,17269,0.9152533389866441
2022,PA,Asian,4730,4176,0.8828752642706131
2022,PA,Black,3244,2710,0.8353884093711468
2022,PA,Native American,233,194,0.8326180257510729
2022,PA,Pacific Islander,56,51,0.9107142857142857
2022,PA,White,40410,37399,0.9254887404107894
2022,PR,Asian,12,8,0.6666666666666666
2022,PR,Black,162,122,0.7530864197530864
2022,PR,Native American,8,8,1.0
2022,PR,White,2498,1960,0.7846277021617294
2022,RI,Asian,199,179,0.8994974874371859
2022,RI,Black,241,209,0.8672199170124482
2022,RI,Native American,29,26,0.896551724137931
2022,RI,Pacific Islander,8,8,1.0
2022,RI,White,3736,3452,0.923982869379015
2022,SC,Asian,1025,877,0.855609756097561
2022,SC,Black,2484,1994,0.8027375201288245
2022,SC,Native American,155,125,0.8064516129032258
2022,SC,Pacific Islander,26,19,0.7307692307692307
2022,SC,White,24140,21919,0.9079950289975145
2022,SD,Asian,59,57,0.9661016949152542
2022,SD,Black,58,55,0.9482758620689655
2022,SD,Native American,46,40,0.8695652173913043
2022,SD,Pacific Islander,2,2,1.0
2022,SD,White,3420,3232,0.9450292397660819
2022,TN,Asian,1425,1250,0.8771929824561403
2022,TN,Black,2469,2075,0.8404212231672742
2022,TN,Native American,202,175,0.8663366336633663
2022,TN,Pacific Islander,31,26,0.8387096774193549
2022,TN,White,29147,26293,0.9020825470888942
2022,TX,Asian,21562,18662,0.8655041276319451
2022,TX,Black,11568,9378,0.8106846473029046
2022,TX,Native American,1434,1222,0.8521617852161785
2022,TX,Pacific Islander,197,169,0.8578680203045685
2022,TX,White,97166,87337,0.8988432167630652
2022,UT,Asian,999,906,0.9069069069069069
2022,UT,Black,256,226,0.8828125
2022,UT,Native American,173,162,0.9364161849710982
2022,UT,Pacific Islander,195,169,0.8666666666666667
2022,UT,White,20007,18209,0.9101314539911031
2022,VA,Asian,5398,4853,0.8990366802519452
2022,VA,Black,3916,3354,0.8564862104187947
2022,VA,Native American,242,211,0.871900826446281
2022,VA,Pacific Islander,53,49,0.9245283018867925
2022,VA,White,27279,25316,0.9280398841599765
2022,VI,Black,1,1,1.0
2022,VI,White,3,3,1.0
2022,VT,Asian,49,43,0.8775510204081632
2022,VT,Black,43,36,0.8372093023255814
2022,VT,Native American,16,14,0.875
2022,VT,Pacific Islander,2,1,0.5
2022,VT,White,2024,1796,0.8873517786561265
2022,WA,Asian,7738,7003,0.9050142155595761
2022,WA,Black,1482,1338,0.902834008097166
2022,WA,Native American,490,439,0.8959183673469387
2022,WA,Pacific Islander,155,142,0.9161290322580645
2022,WA,White,30672,28377,0.9251760563380281
2022,WI,Asian,1043,966,0.9261744966442953
2022,WI,Black,867,741,0.8546712802768166
2022,WI,Native American,210,189,0.9
2022,WI,Pacific Islander,18,16,0.8888888888888888
2022,WI,White,25302,23331,0.9221010196822386
2022,WV,Asian,92,82,0.8913043478260869
2022,WV,Black,127,108,0.8503937007874016
2022,WV,Native American,27,23,0.8518518518518519
2022,WV,Pacific Islander,2,2,1.0
2022,WV,White,4145,3648,0.8800965018094089
2022,WY,Asian,18,16,0.8888888888888888
2022,WY,Black,11,10,0.9090909090909091
2022,WY,Native American,25,23,0.92
2022,WY,Pacific Islander,1,1,1.0
2022,WY,White,1945,1822,0.9367609254498714
2023,AK,Asian,152,141,0.9276315789473685
2023,AK,Black,47,41,0.8723404255319149
2023,AK,Native American,183,167,0.912568306010929
2023,AK,Pacific Islander,12,11,0.9166666666666666
2023,AK,White,1619,1498,0.9252625077208153
2023,AL,Asian,599,533,0.8898163606010017
2023,AL,Black,1771,1474,0.8322981366459627
2023,AL,Native American,97,82,0.845360824742268
2023,AL,Pacific Islander,13,12,0.9230769230769231
2023,AL,White,11464,10440,0.9106769016050245
2023,AR,Asian,471,421,0.8938428874734607
2023,AR,Black,467,371,0.7944325481798715
2023,AR,Native American,85,73,0.8588235294117647
2023,AR,Pacific Islander,6,6,1.0
2023,AR,White,7006,6428,0.9174992863260063
2023,AZ,Asian,2430,2187,0.9
2023,AZ,Black,1228,1032,0.8403908794788274
2023,AZ,Native American,367,324,0.8828337874659401
2023,AZ,Pacific Islander,76,68,0.8947368421052632
2023,AZ,White,24814,22469,0.9054968969130329
2023,CA,Asian,26113,23423,0.8969861754681576
2023,CA,Black,3619,3002,0.8295109146172976
2023,CA,Native American,989,865,0.8746208291203236
2023,CA,Pacific Islander,340,305,0.8970588235294118
2023,CA,White,59605,53302,0.8942538377652881
2023,CO,Asian,2109,1901,0.9013750592697961
2023,CO,Black,893,769,0.8611422172452408
2023,CO,Native American,284,255,0.897887323943662
2023,CO,Pacific Islander,45,44,0.9777777777777777
2023,CO,White,25292,23139,0.9148742685434129
2023,CT,Asian,918,834,0.9084967320261438
2023,CT,Black,1286,1086,0.8444790046656299
2023,CT,Native American,82,72,0.8780487804878049
2023,CT,Pacific Islander,17,17,1.0
2023,CT,White,10393,9495,0.9135956894063312
2023,DC,Asian,176,156,0.8863636363636364
2023,DC,Black,705,588,0.8340425531914893
2023,DC,Native American,18,15,0.8333333333333334
2023,DC,Pacific Islander,4,4,1.0
2023,DC,White,1520,1448,0.9526315789473684
2023,DE,Asian,366,311,0.8497267759562842
2023,DE,Black,706,597,0.8456090651558074
2023,DE,Native American,26,20,0.7692307692307693
2023,DE,Pacific Islander,9,9,1.0
2023,DE,White,2897,2704,0.9333793579565067
2023,FL,Asian,5951,5087,0.8548143169215258
2023,FL,Black,8913,6976,0.7826769886682374
2023,FL,Native American,625,502,0.8032
2023,FL,Pacific Islander,144,117,0.8125
2023,FL,White,86554,75050,0.8670887538415325
2023,GA,Asian,5023,4508,0.8974716304997014
2023,GA,Black,7324,6053,0.8264609503003824
2023,GA,Native American,241,193,0.8008298755186722
2023,GA,Pacific Islander,51,44,0.8627450980392157
2023,GA,White,24148,22087,0.9146513168792446
2023,GU,Asian,1,1,1.0
2023,GU,Pacific Islander,1,1,1.0
2023,HI,Asian,1464,1307,0.89275956284153
2023,HI,Black,38,32,0.8421052631578947
2023,HI,Native American,43,34,0.7906976744186046
2023,HI,Pacific Islander,205,176,0.8585365853658536
2023,HI,White,1016,919,0.9045275590551181
2023,IA,Asian,454,418,0.920704845814978
2023,IA,Black,411,361,0.878345498783455
2023,IA,Native American,81,71,0.8765432098765432
2023,IA,Pacific Islander,14,10,0.7142857142857143
2023,IA,White,11298,10635,0.9413170472650026
2023,ID,Asian,230,205,0.8913043478260869
2023,ID,Black,58,50,0.8620689655172413
2023,ID,Native American,83,77,0.927710843373494
2023,ID,Pacific Islander,25,22,0.88
2023,ID,White,8182,7286,0.8904913224150575
2023,IL,Asian,4745,4275,0.9009483667017913
2023,IL,Black,3688,2967,0.8045010845986985
2023,IL,Native American,333,286,0.8588588588588588
2023,IL,Pacific Islander,38,35,0.9210526315789473
2023,IL,White,36969,33929,0.9177689415456193
2023,IN,Asian,1765,1564,0.8861189801699717
2023,IN,Black,1768,1470,0.831447963800905
2023,IN,Native American,172,139,0.8081395348837209
2023,IN,Pacific Islander,14,10,0.7142857142857143
2023,IN,White,24356,22365,0.9182542289374281
2023,KS,Asian,473,425,0.8985200845665962
2023,KS,Black,311,269,0.864951768488746
2023,KS,Native American,98,84,0.8571428571428571
2023,KS,Pacific Islander,6,6,1.0
2023,KS,White,8053,7400,0.9189122066310692
2023,KY,Asian,526,479,0.9106463878326996
2023,KY,Black,634,554,0.8738170347003155
2023,KY,Native American,56,45,0.8035714285714286
2023,KY,Pacific Islander,10,9,0.9
2023,KY,White,11094,10186,0.9181539570939247
2023,LA,Asian,455,409,0.8989010989010989
2023,LA,Black,1450,1131,0.78
2023,LA,Native American,81,65,0.8024691358024691
2023,LA,Pacific Islander,7,6,0.8571428571428571
2023,LA,White,7016,6387,0.9103477765108324
2023,MA,Asian,3045,2726,0.8952380952380953
2023,MA,Black,1827,1551,0.8489326765188834
2023,MA,Native American,120,102,0.85
2023,MA,Pacific Islander,18,14,0.7777777777777778
2023,MA,White,17307,16022,0.9257525856589819
2023,MD,Asian,2773,2499,0.9011900468806346
2023,MD,Black,5157,4419,0.8568935427574171
2023,MD,Native American,149,127,0.8523489932885906
2023,MD,Pacific Islander,19,17,0.8947368421052632
2023,MD,White,12754,11906,0.9335110553551826
2023,ME,Asian,88,71,0.8068181818181818
2023,ME,Black,150,116,0.7733333333333333
2023,ME,Native American,18,12,0.6666666666666666
2023,ME,Pacific Islander,8,8,1.0
2023,ME,White,4220,3712,0.8796208530805687
2023,MI,Asian,2350,2130,0.9063829787234042
2023,MI,Black,2633,2179,0.827573110520319
2023,MI,Native American,232,204,0.8793103448275862
2023,MI,Pacific Islander,23,20,0.8695652173913043
2023,MI,White,31483,29110,0.9246259886287838
2023,MN,Asian,2118,1991,0.9400377714825306
2023,MN,Black,1390,1225,0.8812949640287769
2023,MN,Native American,251,233,0.9282868525896414
2023,MN,Pacific Islander,24,24,1.0
2023,MN,White,21283,20220,0.9500540337358455
2023,MO,Asian,923,832,0.9014084507042254
2023,MO,Black,1314,1094,0.832572298325723
2023,MO,Native American,189,162,0.8571428571428571
2023,MO,Pacific Islander,19,17,0.8947368421052632
2023,MO,White,18802,17442,0.9276672694394213
2023,MS,Asian,192,170,0.8854166666666666
2023,MS,Black,959,693,0.7226277372262774
2023,MS,Native American,46,35,0.7608695652173914
2023,MS,Pacific Islander,7,7,1.0
2023,MS,White,4062,3613,0.8894633185622846
2023,MT,Asian,45,41,0.9111111111111111
2023,MT,Black,11,11,1.0
2023,MT,Native American,52,43,0.8269230769230769
2023,MT,Pacific Islander,7,7,1.0
2023,MT,White,3402,3123,0.917989417989418
2023,NC,Asian,4308,3826,0.8881151346332404
2023,NC,Black,5616,4637,0.8256766381766382
2023,NC,Native American,394,311,0.7893401015228426
2023,NC,Pacific Islander,58,50,0.8620689655172413
2023,NC,White,34967,31921,0.912889295621586
2023,ND,Asian,48,46,0.9583333333333334
2023,ND,Black,64,56,0.875
2023,ND,Native American,39,33,0.8461538461538461
2023,ND,Pacific Islander,1,1,1.0
2023,ND,White,2173,2061,0.9484583525080534
2023,NE,Asian,364,335,0.9203296703296703
2023,NE,Black,210,193,0.919047619047619
2023,NE,Native American,60,54,0.9
2023,NE,Pacific Islander,9,7,0.7777777777777778
2023,NE,White,6439,6016,0.9343065693430657
2023,NH,Asian,239,207,0.8661087866108786
2023,NH,Black,85,74,0.8705882352941177
2023,NH,Native American,19,15,0.7894736842105263
2023,NH,Pacific Islander,7,7,1.0
2023,NH,White,4890,4414,0.9026584867075664
2023,NJ,Asian,5279,4636,0.8781966281492707
2023,NJ,Black,2548,2144,0.8414442700156985
2023,NJ,Native American,161,137,0.8509316770186336
2023,NJ,Pacific Islander,35,31,0.8857142857142857
2023,NJ,White,21663,19566,0.9031990029081844
2023,NM,Asian,215,200,0.9302325581395349
2023,NM,Black,115,97,0.8434782608695652
2023,NM,Native American,123,104,0.8455284552845529
2023,NM,Pacific Islander,10,9,0.9
2023,NM,White,4445,3934,0.8850393700787401
2023,NV,Asian,1992,1740,0.8734939759036144
2023,NV,Black,734,605,0.8242506811989101
2023,NV,Native American,135,120,0.8888888888888888
2023,NV,Pacific Islander,83,76,0.9156626506024096
2023,NV,White,8944,8013,0.8959078711985689
2023,NY,Asian,7398,6375,0.8617193836171938
2023,NY,Black,3760,3029,0.8055851063829788
2023,NY,Native American,279,220,0.7885304659498208
2023,NY,Pacific Islander,42,35,0.8333333333333334
2023,NY,White,33765,30185,0.8939730490152524
2023,OH,Asian,2336,2077,0.8891267123287672
2023,OH,Black,3080,2663,0.8646103896103896
2023,OH,Native American,184,155,0.842391304347826
2023,OH,Pacific Islander,41,37,0.9024390243902439
2023,OH,White,35106,32628,0.9294137754230046
2023,OK,Asian,573,529,0.9232111692844677
2023,OK,Black,444,362,0.8153153153153153
2023,OK,Native American,852,754,0.8849765258215962
2023,OK,Pacific Islander,19,15,0.7894736842105263
2023,OK,White,8375,7570,0.9038805970149254
2023,OR,Asian,1339,1207,0.9014189693801344
2023,OR,Black,455,406,0.8923076923076924
2023,OR,Native American,189,172,0.91005291005291
2023,OR,Pacific Islander,31,29,0.9354838709677419
2023,OR,White,12884,11679,0.9064731449860292
2023,PA,Asian,3773,3367,0.8923933209647495
2023,PA,Black,2784,2336,0.8390804597701149
2023,PA,Native American,201,178,0.8855721393034826
2023,PA,Pacific Islander,41,37,0.9024390243902439
2023,PA,White,32522,30120,0.926142303671361
2023,PR,Asian,12,4,0.3333333333333333
2023,PR,Black,135,104,0.7703703703703704
2023,PR,Native American,6,6,1.0
2023,PR,Pacific Islander,2,2,1.0
2023,PR,White,2327,1838,0.7898581865062312
2023,RI,Asian,134,123,0.917910447761194
2023,RI,Black,198,170,0.8585858585858586
2023,RI,Native American,15,11,0.7333333333333333
2023,RI,Pacific Islander,3,3,1.0
2023,RI,White,2735,2528,0.9243144424131627
2023,SC,Asian,946,834,0.8816067653276956
2023,SC,Black,1853,1479,0.7981651376146789
2023,SC,Native American,165,137,0.8303030303030303
2023,SC,Pacific Islander,22,18,0.8181818181818182
2023,SC,White,20203,18402,0.9108548235410583
2023,SD,Asian,51,51,1.0
2023,SD,Black,35,34,0.9714285714285714
2023,SD,Native American,42,38,0.9047619047619048
2023,SD,Pacific Islander,5,5,1.0
2023,SD,White,2654,2496,0.9404672192916352
2023,TN,Asian,1283,1160,0.9041309431021044
2023,TN,Black,1773,1503,0.8477157360406091
2023,TN,Native American,159,140,0.8805031446540881
2023,TN,Pacific Islander,27,24,0.8888888888888888
2023,TN,White,22598,20482,0.9063633949907072
2023,TX,Asian,19341,17108,0.8845457835685848
2023,TX,Black,8745,7092,0.8109777015437393
2023,TX,Native American,1298,1096,0.8443759630200308
2023,TX,Pacific Islander,142,116,0.8169014084507042
2023,TX,White,75291,67507,0.896614469192865
2023,UT,Asian,730,648,0.8876712328767123
2023,UT,Black,161,143,0.8881987577639752
2023,UT,Native American,114,99,0.868421052631579
2023,UT,Pacific Islander,88,77,0.875
2023,UT,White,14002,12697,0.9067990287101843
2023,VA,Asian,4360,3940,0.9036697247706422
2023,VA,Black,2932,2563,0.8741473396998636
2023,VA,Native American,187,162,0.8663101604278075
2023,VA,Pacific Islander,38,32,0.8421052631578947
2023,VA,White,20532,19088,0.9296707578414183
2023,VI,Black,2,2,1.0
2023,VI,White,7,5,0.7142857142857143
2023,VT,Asian,45,39,0.8666666666666667
2023,VT,Black,27,21,0.7777777777777778
2023,VT,Native American,9,7,0.7777777777777778
2023,VT,Pacific Islander,1,1,1.0
2023,VT,White,1629,1432,0.8790669122160835
2023,WA,Asian,5673,5160,0.9095716552088842
2023,WA,Black,1183,1045,0.8833474218089603
2023,WA,Native American,363,325,0.8953168044077136
2023,WA,Pacific Islander,111,105,0.9459459459459459
2023,WA,White,22005,20186,0.9173369688707113
2023,WI,Asian,863,782,0.9061413673232909
2023,WI,Black,840,694,0.8261904761904761
2023,WI,Native American,166,148,0.891566265060241
2023,WI,Pacific Islander,17,16,0.9411764705882353
2023,WI,White,20763,19180,0.9237586090642007
2023,WV,Asian,79,73,0.9240506329113924
2023,WV,Black,107,92,0.8598130841121495
2023,WV,Native American,22,21,0.9545454545454546
2023,WV,Pacific Islander,2,2,1.0
2023,WV,White,3379,2997,0.8869488014205387
2023,WY,Asian,17,15,0.8823529411764706
2023,WY,Black,9,8,0.8888888888888888
2023,WY,Native American,7,7,1.0
2023,WY,Pacific Islander,1,1,1.0
2023,WY,White,1336,1224,0.9161676646706587
2024,AK,Asian,163,146,0.8957055214723927
2024,AK,Black,39,34,0.8717948717948718
2024,AK,Native American,181,163,0.9005524861878453
2024,AK,Pacific Islander,18,13,0.7222222222222222
2024,AK,White,1643,1523,0.9269628727936701
2024,AL,Asian,542,487,0.8985239852398524
2024,AL,Black,1632,1345,0.8241421568627451
2024,AL,Native American,113,92,0.8141592920353983
2024,AL,Pacific Islander,10,8,0.8
2024,AL,White,10820,9902,0.9151571164510166
2024,AR,Asian,510,456,0.8941176470588236
2024,AR,Black,406,308,0.7586206896551724
2024,AR,Native American,110,99,0.9
2024,AR,Pacific Islander,11,9,0.8181818181818182
2024,AR,White,6726,6121,0.9100505501040738
2024,AZ,Asian,2364,2152,0.9103214890016921
2024,AZ,Black,886,770,0.8690744920993227
2024,AZ,Native American,358,322,0.8994413407821229
2024,AZ,Pacific Islander,53,48,0.9056603773584906
2024,AZ,White,24071,22038,0.9155415229944747
2024,CA,Asian,28895,26212,0.9071465651496798
2024,CA,Black,3551,3008,0.8470853280765981
2024,CA,Native American,1168,1018,0.8715753424657534
2024,CA,Pacific Islander,344,308,0.8953488372093024
2024,CA,White,62188,55564,0.8934842734932784
2024,CO,Asian,1990,1793,0.9010050251256282
2024,CO,Black,860,751,0.8732558139534884
2024,CO,Native American,354,303,0.8559322033898306
2024,CO,Pacific Islander,44,36,0.8181818181818182
2024,CO,White,25409,23170,0.9118816167499705
2024,CT,Asian,1004,909,0.9053784860557769
2024,CT,Black,1374,1163,0.846433770014556
2024,CT,Native American,111,90,0.8108108108108109
2024,CT,Pacific Islander,17,16,0.9411764705882353
2024,CT,White,10942,9995,0.9134527508682142
2024,DC,Asian,206,194,0.941747572815534
2024,DC,Black,592,481,0.8125
2024,DC,Native American,17,14,0.8235294117647058
2024,DC,Pacific Islander,2,2,1.0
2024,DC,White,1417,1310,0.9244883556810163
2024,DE,Asian,426,387,0.9084507042253521
2024,DE,Black,691,600,0.8683068017366136
2024,DE,Native American,32,29,0.90625
2024,DE,Pacific Islander,3,3,1.0
2024,DE,White,3016,2809,0.9313660477453581
2024,FL,Asian,5319,4604,0.8655762361346118
2024,FL,Black,8148,6475,0.7946735395189003
2024,FL,Native American,742,605,0.8153638814016172
2024,FL,Pacific Islander,132,111,0.8409090909090909
2024,FL,White,81471,70787,0.8688613126143044
2024,GA,Asian,5413,4869,0.8995012008128579
2024,GA,Black,6582,5476,0.831965967790945
2024,GA,Native American,231,196,0.8484848484848485
2024,GA,Pacific Islander,35,30,0.8571428571428571
2024,GA,White,24147,22128,0.9163871288358802
2024,GU,Asian,5,5,1.0
2024,GU,White,1,1,1.0
2024,HI,Asian,1760,1526,0.8670454545454546
2024,HI,Black,32,28,0.875
2024,HI,Native American,45,36,0.8
2024,HI,Pacific Islander,186,161,0.8655913978494624
2024,HI,White,1097,955,0.8705560619872379
2024,IA,Asian,456,422,0.9254385964912281
2024,IA,Black,388,347,0.8943298969072165
2024,IA,Native American,72,59,0.8194444444444444
2024,IA,Pacific Islander,14,13,0.9285714285714286
2024,IA,White,11586,10861,0.9374244778180563
2024,ID,Asian,255,228,0.8941176470588236
2024,ID,Black,58,53,0.9137931034482759
2024,ID,Native American,94,78,0.8297872340425532
2024,ID,Pacific Islander,20,18,0.9
2024,ID,White,8134,7334,0.901647405950332
2024,IL,Asian,5251,4711,0.8971624452485241
2024,IL,Black,3871,3156,0.8152932058899509
2024,IL,Native American,360,298,0.8277777777777777
2024,IL,Pacific Islander,41,33,0.8048780487804879
2024,IL,White,38491,35325,0.9177470057935622
2024,IN,Asian,1757,1539,0.8759248719408081
2024,IN,Black,1834,1550,0.8451472191930207
2024,IN,Native American,196,158,0.8061224489795918
2024,IN,Pacific Islander,27,24,0.8888888888888888
2024,IN,White,24914,22917,0.9198442642690856
2024,KS,Asian,501,464,0.9261477045908184
2024,KS,Black,327,286,0.8746177370030581
2024,KS,Native American,132,112,0.8484848484848485
2024,KS,Pacific Islander,8,6,0.75
2024,KS,White,8107,7420,0.9152584186505489
2024,KY,Asian,643,582,0.9051321928460342
2024,KY,Black,614,531,0.8648208469055375
2024,KY,Native American,72,66,0.9166666666666666
2024,KY,Pacific Islander,8,6,0.75
2024,KY,White,12289,11357,0.924159817723167
2024,LA,Asian,437,395,0.9038901601830663
2024,LA,Black,1165,914,0.784549356223176
2024,LA,Native American,75,61,0.8133333333333334
2024,LA,Pacific Islander,11,8,0.7272727272727273
2024,LA,White,6411,5835,0.9101544220870379
2024,MA,Asian,3511,3226,0.9188265451438337
2024,MA,Black,2011,1742,0.8662357036300348
2024,MA,Native American,128,114,0.890625
2024,MA,Pacific Islander,22,22,1.0
2024,MA,White,18796,17391,0.9252500532028091
2024,MD,Asian,2862,2606,0.9105520614954578
2024,MD,Black,5143,4411,0.8576706202605483
2024,MD,Native American,175,157,0.8971428571428571
2024,MD,Pacific Islander,25,20,0.8
2024,MD,White,14073,13100,0.930860513039153
2024,ME,Asian,117,103,0.8803418803418803
2024,ME,Black,130,109,0.8384615384615385
2024,ME,Native American,30,24,0.8
2024,ME,Pacific Islander,5,5,1.0
2024,ME,White,4687,4216,0.8995092809899723
2024,MI,Asian,2708,2442,0.9017725258493353
2024,MI,Black,2692,2256,0.8380386329866271
2024,MI,Native American,312,276,0.8846153846153846
2024,MI,Pacific Islander,25,25,1.0
2024,MI,White,32590,30192,0.9264191469776005
2024,MN,Asian,2295,2137,0.9311546840958606
2024,MN,Black,1817,1616,0.8893780957622455
2024,MN,Native American,317,287,0.9053627760252366
2024,MN,Pacific Islander,20,19,0.95
2024,MN,White,22465,21299,0.9480970398397507
2024,MO,Asian,961,864,0.899063475546306
2024,MO,Black,1347,1151,0.8544914625092799
2024,MO,Native American,176,157,0.8920454545454546
2024,MO,Pacific Islander,15,11,0.7333333333333333
2024,MO,White,19294,17974,0.9315849486887116
2024,MS,Asian,186,150,0.8064516129032258
2024,MS,Black,822,611,0.7433090024330901
2024,MS,Native American,29,20,0.6896551724137931
2024,MS,Pacific Islander,5,4,0.8
2024,MS,White,3793,3387,0.8929607171104667
2024,MT,Asian,49,47,0.9591836734693877
2024,MT,Black,12,11,0.9166666666666666
2024,MT,Native American,48,41,0.8541666666666666
2024,MT,Pacific Islander,5,4,0.8
2024,MT,White,3157,2887,0.9144757681343048
2024,NC,Asian,4214,3821,0.9067394399620313
2024,NC,Black,4652,3914,0.8413585554600171
2024,NC,Native American,389,323,0.8303341902313625
2024,NC,Pacific Islander,57,47,0.8245614035087719
2024,NC,White,34467,31648,0.9182116227115792
2024,ND,Asian,89,82,0.9213483146067416
2024,ND,Black,40,36,0.9
2024,ND,Native American,32,28,0.875
2024,ND,Pacific Islander,3,3,1.0
2024,ND,White,2182,2050,0.9395050412465628
2024,NE,Asian,409,376,0.9193154034229829
2024,NE,Black,208,185,0.8894230769230769
2024,NE,Native American,64,56,0.875
2024,NE,Pacific Islander,3,3,1.0
2024,NE,White,6735,6332,0.9401633259094283
2024,NH,Asian,298,274,0.9194630872483222
2024,NH,Black,79,70,0.8860759493670886
2024,NH,Native American,30,29,0.9666666666666667
2024,NH,Pacific Islander,4,4,1.0
2024,NH,White,5434,4892,0.9002576370997424
2024,NJ,Asian,5975,5307,0.8882008368200837
2024,NJ,Black,2595,2171,0.8366088631984586
2024,NJ,Native American,205,182,0.8878048780487805
2024,NJ,Pacific Islander,43,37,0.8604651162790697
2024,NJ,White,22707,20694,0.9113489232395297
2024,NM,Asian,226,194,0.8584070796460177
2024,NM,Black,113,93,0.8230088495575221
2024,NM,Native American,127,110,0.8661417322834646
2024,NM,Pacific Islander,15,10,0.6666666666666666
2024,NM,White,4650,4165,0.8956989247311828
2024,NV,Asian,2097,1813,0.8645684310920363
2024,NV,Black,763,651,0.8532110091743119
2024,NV,Native American,151,136,0.9006622516556292
2024,NV,Pacific Islander,87,75,0.8620689655172413
2024,NV,White,9224,8213,0.8903946227233305
2024,NY,Asian,8321,7171,0.8617954572767696
2024,NY,Black,3816,3077,0.8063417190775681
2024,NY,Native American,241,184,0.7634854771784232
2024,NY,Pacific Islander,66,57,0.8636363636363636
2024,NY,White,34332,30707,0.8944133752767097
2024,OH,Asian,2662,2385,0.8959429000751314
2024,OH,Black,3428,2967,0.8655192532088681
2024,OH,Native American,227,194,0.8546255506607929
2024,OH,Pacific Islander,40,36,0.9
2024,OH,White,37663,35101,0.931975679048403
2024,OK,Asian,657,598,0.9101978691019786
2024,OK,Black,399,341,0.8546365914786967
2024,OK,Native American,805,678,0.8422360248447205
2024,OK,Pacific Islander,14,12,0.8571428571428571
2024,OK,White,8493,7664,0.9023902036971624
2024,OR,Asian,1503,1380,0.9181636726546906
2024,OR,Black,441,396,0.8979591836734694
2024,OR,Native American,193,171,0.8860103626943006
2024,OR,Pacific Islander,34,31,0.9117647058823529
2024,OR,White,13312,12106,0.9094050480769231
2024,PA,Asian,3978,3605,0.9062342885872298
2024,PA,Black,3118,2698,0.8652982681205901
2024,PA,Native American,232,189,0.8146551724137931
2024,PA,Pacific Islander,44,34,0.7727272727272727
2024,PA,White,34537,31950,0.9250948258389553
2024,PR,Asian,10,7,0.7
2024,PR,Black,178,157,0.8820224719101124
2024,PR,Native American,6,4,0.6666666666666666
2024,PR,White,1817,1419,0.7809576224545954
2024,RI,Asian,182,160,0.8791208791208791
2024,RI,Black,223,193,0.8654708520179372
2024,RI,Native American,13,12,0.9230769230769231
2024,RI,Pacific Islander,6,5,0.8333333333333334
2024,RI,White,3178,2919,0.9185022026431718
2024,SC,Asian,837,764,0.9127837514934289
2024,SC,Black,1681,1402,0.8340273646638905
2024,SC,Native American,151,122,0.8079470198675497
2024,SC,Pacific Islander,21,19,0.9047619047619048
2024,SC,White,19867,18155,0.9138269492122615
2024,SD,Asian,40,37,0.925
2024,SD,Black,33,26,0.7878787878787878
2024,SD,Native American,32,27,0.84375
2024,SD,Pacific Islander,1,1,1.0
2024,SD,White,2656,2505,0.9431475903614458
2024,TN,Asian,1354,1206,0.8906942392909897
2024,TN,Black,1697,1460,0.8603417796110784
2024,TN,Native American,199,162,0.8140703517587939
2024,TN,Pacific Islander,30,26,0.8666666666666667
2024,TN,White,22652,20476,0.903937842133145
2024,TX,Asian,17799,15985,0.8980841620315748
2024,TX,Black,7599,6245,0.821818660350046
2024,TX,Native American,1321,1121,0.8485995457986374
2024,TX,Pacific Islander,234,118,0.5042735042735043
2024,TX,White,72190,64701,0.8962598697880593
2024,UT,Asian,798,720,0.9022556390977443
2024,UT,Black,137,122,0.8905109489051095
2024,UT,Native American,129,106,0.8217054263565892
2024,UT,Pacific Islander,86,78,0.9069767441860465
2024,UT,White,14590,13268,0.9093899931459904
2024,VA,Asian,4904,4456,0.9086460032626428
2024,VA,Black,2925,2569,0.8782905982905983
2024,VA,Native American,190,168,0.8842105263157894
2024,VA,Pacific Islander,37,37,1.0
2024,VA,White,21602,20176,0.9339875937413202
2024,VI,Black,4,3,0.75
2024,VI,White,8,6,0.75
2024,VT,Asian,69,64,0.927536231884058
2024,VT,Black,16,13,0.8125
2024,VT,Native American,14,12,0.8571428571428571
2024,VT,White,1844,1669,0.9050976138828634
2024,WA,Asian,6784,6223,0.9173054245283019
2024,WA,Black,1275,1145,0.8980392156862745
2024,WA,Native American,397,355,0.8942065491183879
2024,WA,Pacific Islander,109,96,0.8807339449541285
2024,WA,White,22268,20480,0.9197054068618645
2024,WI,Asian,1022,936,0.9158512720156555
2024,WI,Black,875,727,0.8308571428571428
2024,WI,Native American,201,175,0.8706467661691543
2024,WI,Pacific Islander,14,12,0.8571428571428571
2024,WI,White,21659,19998,0.9233113255459624
2024,WV,Asian,105,91,0.8666666666666667
2024,WV,Black,106,91,0.8584905660377359
2024,WV,Native American,23,19,0.8260869565217391
2024,WV,Pacific Islander,4,3,0.75
2024,WV,White,3516,3117,0.886518771331058
2024,WY,Asian,38,35,0.9210526315789473
2024,WY,Black,8,8,1.0
2024,WY,Native American,15,14,0.9333333333333333
2024,WY,Pacific Islander,2,2,1.0
2024,WY,White,1473,1335,0.9063136456211812
